q,idx,orbit,type,rho,S,delta,firstHole
19,1,342,NMDS,4,"0,1,10,12,13,14",15,"1,12,10,10"
19,2,342,NMDS,4,"0,1,10,12,13,14",11,"1,16,7,7"
19,3,342,NMDS,4,"0,1,10,12,13,14",7,"1,1,13,13"
19,4,342,NMDS,4,"0,1,10,12,13,14",3,"1,16,7,7"
19,5,342,NMDS,4,"0,1,10,12,13,14",18,"1,11,10,10"
19,6,342,NMDS,4,"0,1,10,12,13,14",14,"1,11,10,10"
19,7,342,MDS,4,"0,1,10,12,13,14",10,"1,15,15,18"
19,8,342,NMDS,4,"0,1,10,12,13,14",6,"1,1,13,13"
19,9,342,MDS,4,"0,1,10,12,13,14",2,"1,11,10,10"
19,10,342,NMDS,4,"0,1,10,12,13,14",17,"1,6,2,2"
19,11,342,NMDS,4,"0,1,10,12,13,14",13,"1,1,13,13"
19,12,342,NMDS,4,"0,1,10,12,13,14",9,"1,11,10,10"
19,13,342,NMDS,4,"0,1,10,12,13,14",5,"1,13,10,10"
19,14,342,NMDS,4,"0,1,10,12,13,14",1,"1,8,12,12"
19,15,342,NMDS,4,"0,1,10,12,13,14",16,"1,11,10,10"
19,16,342,MDS,4,"0,1,10,12,13,14",12,"1,10,2,2"
19,17,342,NMDS,4,"0,1,10,12,13,14",8,"1,11,10,10"
19,18,342,NMDS,4,"0,1,10,12,13,14",4,"1,12,10,10"
19,19,342,MDS,4,"0,1,10,12,13,14",0,"1,11,10,10"
19,20,342,NMDS,4,"0,1,2,4,7,16",5,"1,7,14,7"
19,21,342,NMDS,4,"0,1,2,4,7,16",11,"1,15,5,5"
19,22,342,NMDS,4,"0,1,2,4,7,16",17,"1,16,18,18"
19,23,342,NMDS,4,"0,1,2,4,7,16",4,"1,1,12,12"
19,24,342,NMDS,4,"0,1,2,4,7,16",10,"1,15,5,5"
19,25,342,MDS,4,"0,1,2,4,7,16",16,"1,8,5,5"
19,26,342,NMDS,4,"0,1,2,4,7,16",3,"1,16,18,18"
19,27,342,NMDS,4,"0,1,2,4,7,16",9,"1,13,10,10"
19,28,342,MDS,4,"0,1,2,4,7,16",15,"1,15,5,5"
19,29,342,NMDS,4,"0,1,2,4,7,16",2,"1,1,11,11"
19,30,342,NMDS,4,"0,1,2,4,7,16",8,"1,17,12,12"
19,31,342,MDS,4,"0,1,2,4,7,16",14,"1,16,18,18"
19,32,342,NMDS,4,"0,1,2,4,7,16",1,"1,17,12,12"
19,33,342,NMDS,4,"0,1,2,4,7,16",7,"1,7,5,5"
19,34,342,NMDS,4,"0,1,2,4,7,16",13,"1,15,5,5"
19,35,342,NMDS,4,"0,1,2,4,7,16",0,"1,17,12,12"
19,36,342,NMDS,4,"0,1,2,4,7,16",6,"1,15,5,5"
19,37,342,NMDS,4,"0,1,2,4,7,16",12,"1,15,5,5"
19,38,342,NMDS,4,"0,1,2,4,7,16",18,"1,1,11,11"
19,39,342,MDS,4,"0,1,2,3,5,16",11,"1,9,3,3"
19,40,342,NMDS,4,"0,1,2,3,5,16",0,"1,17,15,17"
19,41,342,NMDS,4,"0,1,2,3,5,16",8,"1,8,9,9"
19,42,342,MDS,4,"0,1,2,3,5,16",16,"1,2,7,7"
19,43,342,NMDS,4,"0,1,2,3,5,16",5,"1,2,7,7"
19,44,342,MDS,4,"0,1,2,3,5,16",13,"1,13,14,14"
19,45,342,NMDS,4,"0,1,2,3,5,16",2,"1,2,7,7"
19,46,342,NMDS,4,"0,1,2,3,5,16",10,"1,9,3,3"
19,47,342,NMDS,4,"0,1,2,3,5,16",18,"1,3,15,15"
19,48,342,NMDS,4,"0,1,2,3,5,16",7,"1,2,7,7"
19,49,342,MDS,4,"0,1,2,3,5,16",15,"1,17,9,9"
19,50,342,NMDS,4,"0,1,2,3,5,16",4,"1,3,15,15"
19,51,342,MDS,4,"0,1,2,3,5,16",12,"1,2,7,7"
19,52,342,NMDS,4,"0,1,2,3,5,16",1,"1,17,9,9"
19,53,342,NMDS,4,"0,1,2,3,5,16",9,"1,9,3,3"
19,54,342,NMDS,4,"0,1,2,3,5,16",17,"1,1,5,5"
19,55,342,NMDS,4,"0,1,2,3,5,16",6,"1,2,7,7"
19,56,342,MDS,4,"0,1,2,3,5,16",14,"1,3,15,15"
19,57,342,NMDS,4,"0,1,2,3,5,16",3,"1,2,7,7"
19,58,342,NMDS,4,"0,1,10,12,14,18",5,"1,18,9,9"
19,59,342,MDS,4,"0,1,10,12,14,18",16,"1,14,7,7"
19,60,342,NMDS,4,"0,1,10,12,14,18",8,"1,9,7,7"
19,61,342,NMDS,4,"0,1,10,12,14,18",0,"1,18,6,6"
19,62,342,NMDS,4,"0,1,10,12,14,18",11,"1,14,7,7"
19,63,342,NMDS,4,"0,1,10,12,14,18",3,"1,14,7,7"
19,64,342,NMDS,4,"0,1,10,12,14,18",14,"1,12,6,6"
19,65,342,NMDS,4,"0,1,10,12,14,18",6,"1,12,6,6"
19,66,342,NMDS,4,"0,1,10,12,14,18",17,"1,16,7,7"
19,67,342,NMDS,4,"0,1,10,12,14,18",9,"1,9,7,7"
19,68,342,MDS,4,"0,1,10,12,14,18",1,"1,12,6,6"
19,69,342,NMDS,4,"0,1,10,12,14,18",12,"1,18,6,6"
19,70,342,NMDS,4,"0,1,10,12,14,18",4,"1,14,7,7"
19,71,342,NMDS,4,"0,1,10,12,14,18",15,"1,12,6,6"
19,72,342,NMDS,4,"0,1,10,12,14,18",7,"1,12,6,6"
19,73,342,MDS,4,"0,1,10,12,14,18",18,"1,14,2,7"
19,74,342,NMDS,4,"0,1,10,12,14,18",10,"1,14,7,7"
19,75,342,NMDS,4,"0,1,10,12,14,18",2,"1,14,7,7"
19,76,342,NMDS,4,"0,1,10,12,14,18",13,"1,14,7,7"
19,77,342,NMDS,4,"0,1,2,10,11,15",8,"1,8,4,4"
19,78,342,NMDS,4,"0,1,2,10,11,15",13,"1,1,10,10"
19,79,342,NMDS,4,"0,1,2,10,11,15",18,"1,5,8,8"
19,80,342,NMDS,4,"0,1,2,10,11,15",4,"1,8,4,4"
19,81,342,NMDS,4,"0,1,2,10,11,15",9,"1,5,8,8"
19,82,342,NMDS,4,"0,1,2,10,11,15",14,"1,10,16,16"
19,83,342,MDS,4,"0,1,2,10,11,15",0,"1,1,4,4"
19,84,342,MDS,4,"0,1,2,10,11,15",5,"1,8,4,4"
19,85,342,MDS,4,"0,1,2,10,11,15",10,"1,11,15,17"
19,86,342,MDS,4,"0,1,2,10,11,15",15,"1,1,10,10"
19,87,342,MDS,4,"0,1,2,10,11,15",1,"1,8,4,4"
19,88,342,NMDS,4,"0,1,2,10,11,15",6,"1,15,17,17"
19,89,342,NMDS,4,"0,1,2,10,11,15",11,"1,1,10,10"
19,90,342,NMDS,4,"0,1,2,10,11,15",16,"1,1,10,10"
19,91,342,NMDS,4,"0,1,2,10,11,15",2,"1,5,8,8"
19,92,342,NMDS,4,"0,1,2,10,11,15",7,"1,1,10,10"
19,93,342,NMDS,4,"0,1,2,10,11,15",12,"1,1,10,10"
19,94,342,NMDS,4,"0,1,2,10,11,15",17,"1,8,4,4"
19,95,342,NMDS,4,"0,1,2,10,11,15",3,"1,1,10,10"
19,96,342,NMDS,4,"0,1,11,12,13,17",17,"1,8,4,4"
19,97,342,MDS,4,"0,1,11,12,13,17",1,"1,13,14,14"
19,98,342,NMDS,4,"0,1,11,12,13,17",4,"1,1,10,10"
19,99,342,NMDS,4,"0,1,11,12,13,17",7,"1,8,4,4"
19,100,342,NMDS,4,"0,1,11,12,13,17",10,"1,1,10,10"
19,101,342,NMDS,4,"0,1,11,12,13,17",13,"1,1,10,10"
19,102,342,MDS,4,"0,1,11,12,13,17",16,"1,1,4,4"
19,103,342,MDS,4,"0,1,11,12,13,17",0,"1,18,9,9"
19,104,342,NMDS,4,"0,1,11,12,13,17",3,"1,1,4,4"
19,105,342,NMDS,4,"0,1,11,12,13,17",6,"1,1,10,10"
19,106,342,NMDS,4,"0,1,11,12,13,17",9,"1,1,10,10"
19,107,342,NMDS,4,"0,1,11,12,13,17",12,"1,14,13,13"
19,108,342,MDS,4,"0,1,11,12,13,17",15,"1,1,10,10"
19,109,342,NMDS,4,"0,1,11,12,13,17",18,"1,18,9,9"
19,110,342,NMDS,4,"0,1,11,12,13,17",2,"1,14,13,13"
19,111,342,NMDS,4,"0,1,11,12,13,17",5,"1,1,12,4"
19,112,342,MDS,4,"0,1,11,12,13,17",8,"1,14,13,13"
19,113,342,NMDS,4,"0,1,11,12,13,17",11,"1,8,4,4"
19,114,342,NMDS,4,"0,1,11,12,13,17",14,"1,1,5,5"
19,115,342,NMDS,4,"0,1,2,3,6,16",0,"1,9,14,14"
19,116,342,NMDS,4,"0,1,2,3,6,16",11,"1,7,9,9"
19,117,342,MDS,4,"0,1,2,3,6,16",13,"1,7,9,9"
19,118,342,NMDS,4,"0,1,2,3,6,16",2,"1,9,14,14"
19,119,342,NMDS,4,"0,1,2,3,6,16",4,"1,5,12,12"
19,120,342,NMDS,4,"0,1,2,3,6,16",3,"1,8,4,4"
19,121,342,NMDS,4,"0,1,2,3,6,16",1,"1,6,3,3"
19,122,342,NMDS,4,"0,1,2,3,6,16",10,"1,8,4,4"
19,123,342,MDS,4,"0,1,2,3,6,16",12,"1,8,4,4"
19,124,171,MDS,4,"0,1,2,3,6,16",14,"1,8,4,4"
19,125,342,NMDS,4,"0,1,10,11,13,17",11,"1,1,13,13"
19,126,342,MDS,4,"0,1,10,11,13,17",16,"1,13,4,4"
19,127,342,NMDS,4,"0,1,10,11,13,17",10,"1,3,11,11"
19,128,342,NMDS,4,"0,1,10,11,13,17",5,"1,8,4,4"
19,129,342,NMDS,4,"0,1,10,11,13,17",15,"1,13,17,17"
19,130,342,NMDS,4,"0,1,10,11,13,17",12,"1,3,11,11"
19,131,342,NMDS,4,"0,1,10,11,13,17",6,"1,3,11,11"
19,132,342,NMDS,4,"0,1,10,11,13,17",0,"1,8,4,4"
19,133,342,MDS,4,"0,1,10,11,13,17",1,"1,3,11,11"
19,134,171,MDS,4,"0,1,10,11,13,17",7,"1,2,4,2"
19,135,342,NMDS,4,"0,1,12,13,14,18",11,"1,12,4,4"
19,136,342,NMDS,4,"0,1,12,13,14,18",13,"1,16,8,8"
19,137,342,MDS,4,"0,1,12,13,14,18",17,"1,1,5,5"
19,138,342,MDS,4,"0,1,12,13,14,18",18,"1,1,4,4"
19,139,342,NMDS,4,"0,1,12,13,14,18",14,"1,18,6,6"
19,140,171,MDS,4,"0,1,12,13,14,18",10,"1,8,4,4"
19,141,342,NMDS,4,"0,1,12,13,14,18",15,"1,16,8,8"
19,142,342,NMDS,4,"0,1,12,13,14,18",0,"1,8,4,4"
19,143,342,MDS,4,"0,1,12,13,14,18",16,"1,15,5,5"
19,144,342,NMDS,4,"0,1,12,13,14,18",12,"1,8,4,4"
19,145,342,NMDS,4,"0,1,10,13,14,17",11,"1,14,11,11"
19,146,342,NMDS,4,"0,1,10,13,14,17",18,"1,15,5,5"
19,147,342,NMDS,4,"0,1,10,13,14,17",6,"1,12,4,4"
19,148,342,NMDS,4,"0,1,10,13,14,17",13,"1,15,5,5"
19,149,342,MDS,4,"0,1,10,13,14,17",1,"1,12,4,4"
19,150,342,NMDS,4,"0,1,10,13,14,17",8,"1,2,13,13"
19,151,342,NMDS,4,"0,1,10,13,14,17",15,"1,12,4,4"
19,152,342,NMDS,4,"0,1,10,13,14,17",3,"1,15,5,5"
19,153,342,MDS,4,"0,1,10,13,14,17",10,"1,9,4,4"
19,154,342,MDS,4,"0,1,10,13,14,17",17,"1,15,5,5"
19,155,342,NMDS,4,"0,1,10,13,14,17",5,"1,15,5,5"
19,156,342,NMDS,4,"0,1,10,13,14,17",12,"1,4,8,4"
19,157,342,MDS,4,"0,1,10,13,14,17",0,"1,4,7,7"
19,158,342,MDS,4,"0,1,10,13,14,17",7,"1,14,11,11"
19,159,342,NMDS,4,"0,1,10,13,14,17",14,"1,15,5,5"
19,160,342,NMDS,4,"0,1,10,13,14,17",2,"1,2,13,13"
19,161,342,NMDS,4,"0,1,10,13,14,17",9,"1,15,5,5"
19,162,342,MDS,4,"0,1,10,13,14,17",16,"1,12,4,4"
19,163,342,NMDS,4,"0,1,10,13,14,17",4,"1,14,11,11"
19,164,342,NMDS,4,"0,1,10,12,13,16",4,"1,1,13,13"
19,165,342,NMDS,4,"0,1,10,12,13,16",7,"1,8,4,4"
19,166,342,NMDS,4,"0,1,10,12,13,16",10,"1,8,4,4"
19,167,342,NMDS,4,"0,1,10,12,13,16",13,"1,6,2,2"
19,168,342,NMDS,4,"0,1,10,12,13,16",16,"1,1,13,13"
19,169,342,NMDS,4,"0,1,10,12,13,16",0,"1,13,16,16"
19,170,342,NMDS,4,"0,1,10,12,13,16",3,"1,12,4,4"
19,171,342,NMDS,4,"0,1,10,12,13,16",6,"1,12,4,4"
19,172,342,NMDS,4,"0,1,10,12,13,16",9,"1,13,16,16"
19,173,342,MDS,4,"0,1,10,12,13,16",12,"1,13,16,16"
19,174,342,MDS,4,"0,1,10,12,13,16",15,"1,1,4,4"
19,175,342,MDS,4,"0,1,10,12,13,16",18,"1,5,16,16"
19,176,342,MDS,4,"0,1,10,12,13,16",2,"1,8,4,4"
19,177,342,NMDS,4,"0,1,10,12,13,16",5,"1,8,4,4"
19,178,342,NMDS,4,"0,1,10,12,13,16",8,"1,13,16,16"
19,179,342,NMDS,4,"0,1,10,12,13,16",11,"1,8,4,4"
19,180,342,NMDS,4,"0,1,10,12,13,16",14,"1,5,5,12"
19,181,342,NMDS,4,"0,1,10,12,13,16",17,"1,8,4,4"
19,182,342,NMDS,4,"0,1,10,12,13,16",1,"1,6,2,2"
19,183,342,NMDS,4,"0,1,10,12,14,16",12,"1,4,2,2"
19,184,342,NMDS,4,"0,1,10,12,14,16",2,"1,1,10,10"
19,185,342,NMDS,4,"0,1,10,12,14,16",11,"1,17,6,6"
19,186,342,MDS,4,"0,1,10,12,14,16",1,"1,2,8,2"
19,187,342,NMDS,4,"0,1,10,12,14,16",10,"1,4,2,2"
19,188,342,NMDS,4,"0,1,10,12,14,16",0,"1,3,12,12"
19,189,342,NMDS,4,"0,1,10,12,14,16",9,"1,1,16,16"
19,190,342,MDS,4,"0,1,10,12,14,16",18,"1,1,10,10"
19,191,342,NMDS,4,"0,1,10,12,14,16",8,"1,1,10,10"
19,192,342,NMDS,4,"0,1,10,12,14,16",17,"1,1,10,10"
19,193,342,NMDS,4,"0,1,10,12,14,16",7,"1,1,10,10"
19,194,342,MDS,4,"0,1,10,12,14,16",16,"1,2,8,8"
19,195,342,NMDS,4,"0,1,10,12,14,16",6,"1,7,9,9"
19,196,342,NMDS,4,"0,1,10,12,14,16",15,"1,1,10,10"
19,197,342,NMDS,4,"0,1,10,12,14,16",5,"1,1,10,10"
19,198,342,MDS,4,"0,1,10,12,14,16",14,"1,1,16,16"
19,199,342,NMDS,4,"0,1,10,12,14,16",4,"1,1,10,10"
19,200,342,NMDS,4,"0,1,10,12,14,16",13,"1,18,9,9"
19,201,342,NMDS,4,"0,1,10,12,14,16",3,"1,12,6,6"
19,202,342,MDS,4,"0,1,10,11,12,18",6,"1,15,17,17"
19,203,342,NMDS,4,"0,1,10,11,12,18",0,"1,1,10,10"
19,204,342,NMDS,4,"0,1,10,11,12,18",11,"1,7,17,17"
19,205,342,MDS,4,"0,1,10,11,12,18",16,"1,16,10,16"
19,206,342,NMDS,4,"0,1,10,11,12,18",5,"1,1,10,10"
19,207,342,NMDS,4,"0,1,10,11,12,18",1,"1,14,7,7"
19,208,342,NMDS,4,"0,1,10,11,12,18",12,"1,1,10,10"
19,209,342,NMDS,4,"0,1,10,11,12,18",10,"1,1,10,10"
19,210,342,MDS,4,"0,1,10,11,12,18",15,"1,15,17,17"
19,211,171,MDS,4,"0,1,10,11,12,18",7,"1,15,17,17"
19,212,342,NMDS,4,"0,1,10,16,17,18",8,"1,10,5,5"
19,213,342,MDS,4,"0,1,10,16,17,18",4,"1,16,5,5"
19,214,342,NMDS,4,"0,1,10,16,17,18",0,"1,10,5,5"
19,215,342,NMDS,4,"0,1,10,16,17,18",15,"1,1,10,10"
19,216,342,NMDS,4,"0,1,10,16,17,18",11,"1,13,13,16"
19,217,342,NMDS,4,"0,1,10,16,17,18",7,"1,1,10,10"
19,218,342,MDS,4,"0,1,10,16,17,18",3,"1,14,7,7"
19,219,342,NMDS,4,"0,1,10,16,17,18",18,"1,1,10,10"
19,220,342,NMDS,4,"0,1,10,16,17,18",14,"1,1,10,10"
19,221,342,NMDS,4,"0,1,10,16,17,18",10,"1,14,7,7"
19,222,342,NMDS,4,"0,1,10,16,17,18",6,"1,14,13,13"
19,223,342,MDS,4,"0,1,10,16,17,18",2,"1,18,14,14"
19,224,342,NMDS,4,"0,1,10,16,17,18",17,"1,1,10,10"
19,225,342,NMDS,4,"0,1,10,16,17,18",13,"1,16,5,5"
19,226,342,NMDS,4,"0,1,10,16,17,18",9,"1,1,10,10"
19,227,342,NMDS,4,"0,1,10,16,17,18",5,"1,14,13,13"
19,228,342,MDS,4,"0,1,10,16,17,18",1,"1,10,5,5"
19,229,342,NMDS,4,"0,1,10,16,17,18",16,"1,10,5,5"
19,230,342,MDS,4,"0,1,10,16,17,18",12,"1,14,13,13"
19,231,342,NMDS,4,"0,1,10,12,13,17",13,"1,7,5,5"
19,232,342,MDS,4,"0,1,10,12,13,17",0,"1,10,5,5"
19,233,342,NMDS,4,"0,1,10,12,13,17",6,"1,10,5,5"
19,234,342,NMDS,4,"0,1,10,12,13,17",12,"1,5,12,12"
19,235,342,NMDS,4,"0,1,10,12,13,17",18,"1,15,11,15"
19,236,342,NMDS,4,"0,1,10,12,13,17",5,"1,13,17,17"
19,237,342,NMDS,4,"0,1,10,12,13,17",11,"1,13,17,17"
19,238,342,MDS,4,"0,1,10,12,13,17",17,"1,5,8,8"
19,239,342,NMDS,4,"0,1,10,12,13,17",4,"1,10,5,5"
19,240,342,NMDS,4,"0,1,10,12,13,17",10,"1,5,12,12"
19,241,342,NMDS,4,"0,1,10,12,13,17",16,"1,5,12,12"
19,242,342,NMDS,4,"0,1,10,12,13,17",3,"1,5,12,12"
19,243,342,NMDS,4,"0,1,10,12,13,17",9,"1,13,17,17"
19,244,342,MDS,4,"0,1,10,12,13,17",15,"1,10,5,5"
19,245,342,NMDS,4,"0,1,10,12,13,17",2,"1,7,15,15"
19,246,342,NMDS,4,"0,1,10,12,13,17",8,"1,10,5,5"
19,247,342,NMDS,4,"0,1,10,12,13,17",14,"1,10,5,5"
19,248,342,NMDS,4,"0,1,10,12,13,17",1,"1,13,17,17"
19,249,342,NMDS,4,"0,1,10,12,13,17",7,"1,5,12,12"
19,250,342,NMDS,4,"0,1,10,11,12,13",4,"1,15,17,17"
19,251,342,NMDS,4,"0,1,10,11,12,13",13,"1,11,15,15"
19,252,342,NMDS,4,"0,1,10,11,12,13",3,"1,15,17,17"
19,253,342,NMDS,4,"0,1,10,11,12,13",12,"1,11,15,15"
19,254,342,NMDS,4,"0,1,10,11,12,13",2,"1,3,14,14"
19,255,342,NMDS,4,"0,1,10,11,12,13",11,"1,16,2,2"
19,256,342,MDS,4,"0,1,10,11,12,13",1,"1,11,15,15"
19,257,342,MDS,4,"0,1,10,11,12,13",10,"1,15,17,17"
19,258,342,MDS,4,"0,1,10,11,12,13",0,"1,15,17,17"
19,259,342,MDS,4,"0,1,10,11,12,13",9,"1,15,17,17"
19,260,342,MDS,4,"0,1,10,11,12,13",18,"1,7,14,14"
19,261,342,MDS,4,"0,1,10,11,12,13",8,"1,3,14,14"
19,262,342,NMDS,4,"0,1,10,11,12,13",17,"1,15,17,17"
19,263,342,NMDS,4,"0,1,10,11,12,13",7,"1,2,5,5"
19,264,342,NMDS,4,"0,1,10,11,12,13",16,"1,11,15,15"
19,265,342,NMDS,4,"0,1,10,11,12,13",6,"1,7,7,16"
19,266,342,NMDS,4,"0,1,10,11,12,13",15,"1,3,14,14"
19,267,342,NMDS,4,"0,1,10,11,12,13",5,"1,15,17,17"
19,268,342,NMDS,4,"0,1,10,11,12,13",14,"1,15,17,17"
19,269,342,NMDS,4,"0,1,10,14,17,18",6,"1,10,5,5"
19,270,342,NMDS,4,"0,1,10,14,17,18",10,"1,1,10,10"
19,271,342,NMDS,4,"0,1,10,14,17,18",14,"1,10,5,5"
19,272,342,NMDS,4,"0,1,10,14,17,18",18,"1,18,8,9"
19,273,342,NMDS,4,"0,1,10,14,17,18",3,"1,1,10,10"
19,274,342,NMDS,4,"0,1,10,14,17,18",7,"1,7,13,13"
19,275,342,NMDS,4,"0,1,10,14,17,18",11,"1,7,13,13"
19,276,342,NMDS,4,"0,1,10,14,17,18",15,"1,1,10,10"
19,277,342,NMDS,4,"0,1,10,14,17,18",0,"1,1,10,10"
19,278,342,NMDS,4,"0,1,10,14,17,18",4,"1,1,10,10"
19,279,342,NMDS,4,"0,1,10,14,17,18",8,"1,7,13,13"
19,280,342,NMDS,4,"0,1,10,14,17,18",12,"1,1,10,10"
19,281,342,NMDS,4,"0,1,10,14,17,18",16,"1,7,13,13"
19,282,342,MDS,4,"0,1,10,14,17,18",1,"1,1,16,16"
19,283,342,NMDS,4,"0,1,10,14,17,18",5,"1,12,4,4"
19,284,342,NMDS,4,"0,1,10,14,17,18",9,"1,10,16,16"
19,285,342,NMDS,4,"0,1,10,14,17,18",13,"1,7,13,13"
19,286,342,NMDS,4,"0,1,10,14,17,18",17,"1,1,10,10"
19,287,342,MDS,4,"0,1,10,14,17,18",2,"1,1,16,16"
19,288,342,NMDS,4,"0,1,11,13,16,18",2,"1,11,15,15"
19,289,342,NMDS,4,"0,1,11,13,16,18",5,"1,1,10,10"
19,290,342,NMDS,4,"0,1,11,13,16,18",8,"1,5,4,4"
19,291,342,NMDS,4,"0,1,11,13,16,18",11,"1,1,10,10"
19,292,342,NMDS,4,"0,1,11,13,16,18",14,"1,16,4,4"
19,293,342,NMDS,4,"0,1,11,13,16,18",17,"1,1,10,10"
19,294,342,MDS,4,"0,1,11,13,16,18",1,"1,1,10,10"
19,295,342,NMDS,4,"0,1,11,13,16,18",4,"1,4,7,7"
19,296,342,NMDS,4,"0,1,11,13,16,18",7,"1,11,15,15"
19,297,342,NMDS,4,"0,1,11,13,16,18",10,"1,1,10,10"
19,298,342,NMDS,4,"0,1,11,13,16,18",13,"1,11,15,15"
19,299,342,NMDS,4,"0,1,11,13,16,18",16,"1,11,15,15"
19,300,342,NMDS,4,"0,1,11,13,16,18",0,"1,5,4,4"
19,301,342,MDS,4,"0,1,11,13,16,18",3,"1,4,10,10"
19,302,342,NMDS,4,"0,1,11,13,16,18",6,"1,8,4,4"
19,303,342,NMDS,4,"0,1,11,13,16,18",9,"1,8,4,4"
19,304,342,NMDS,4,"0,1,11,13,16,18",12,"1,1,10,10"
19,305,342,NMDS,4,"0,1,11,13,16,18",15,"1,13,13,16"
19,306,342,MDS,4,"0,1,11,13,16,18",18,"1,1,10,10"
19,307,342,NMDS,4,"0,1,14,15,16,18",17,"1,5,17,12"
19,308,342,NMDS,4,"0,1,14,15,16,18",12,"1,16,18,18"
19,309,342,NMDS,4,"0,1,14,15,16,18",11,"1,10,5,5"
19,310,342,MDS,4,"0,1,14,15,16,18",18,"1,16,4,4"
19,311,342,MDS,4,"0,1,14,15,16,18",2,"1,3,11,11"
19,312,342,MDS,4,"0,1,14,15,16,18",1,"1,7,13,13"
19,313,342,MDS,4,"0,1,14,15,16,18",3,"1,10,5,5"
19,314,342,NMDS,4,"0,1,14,15,16,18",0,"1,10,5,5"
19,315,342,NMDS,4,"0,1,14,15,16,18",10,"1,10,5,5"
19,316,171,NMDS,4,"0,1,14,15,16,18",13,"1,7,13,13"
19,317,342,NMDS,4,"0,1,10,14,15,18",11,"1,13,16,16"
19,318,342,NMDS,4,"0,1,10,14,15,18",4,"1,13,16,16"
19,319,342,NMDS,4,"0,1,10,14,15,18",16,"1,13,16,16"
19,320,342,NMDS,4,"0,1,10,14,15,18",9,"1,15,5,5"
19,321,342,MDS,4,"0,1,10,14,15,18",2,"1,15,5,5"
19,322,342,NMDS,4,"0,1,10,14,15,18",14,"1,5,12,12"
19,323,342,NMDS,4,"0,1,10,14,15,18",7,"1,5,12,12"
19,324,342,NMDS,4,"0,1,10,14,15,18",0,"1,15,17,17"
19,325,342,MDS,4,"0,1,10,14,15,18",12,"1,13,16,16"
19,326,342,NMDS,4,"0,1,10,14,15,18",5,"1,13,16,16"
19,327,342,MDS,4,"0,1,10,14,15,18",17,"1,13,16,16"
19,328,342,NMDS,4,"0,1,10,14,15,18",10,"1,9,3,3"
19,329,342,MDS,4,"0,1,10,14,15,18",3,"1,13,16,16"
19,330,342,NMDS,4,"0,1,10,14,15,18",15,"1,5,12,12"
19,331,342,MDS,4,"0,1,10,14,15,18",8,"1,16,4,4"
19,332,342,NMDS,4,"0,1,10,14,15,18",1,"1,16,4,4"
19,333,342,NMDS,4,"0,1,10,14,15,18",13,"1,16,5,8"
19,334,342,NMDS,4,"0,1,10,14,15,18",6,"1,13,16,16"
19,335,342,MDS,4,"0,1,10,14,15,18",18,"1,5,12,12"
19,336,342,NMDS,4,"0,1,2,5,12,13",11,"1,11,15,15"
19,337,342,MDS,4,"0,1,2,5,12,13",10,"1,11,15,15"
19,338,114,NMDS,4,"0,1,2,5,12,13",7,"1,5,5,12"
19,339,342,MDS,4,"0,1,2,5,12,13",12,"1,8,2,2"
19,340,342,NMDS,4,"0,1,2,5,12,13",1,"1,3,15,15"
19,341,342,NMDS,4,"0,1,2,5,12,13",14,"1,11,15,15"
19,342,342,NMDS,4,"0,1,2,5,12,13",0,"1,8,2,2"
19,343,342,NMDS,4,"0,1,10,11,12,15",9,"1,13,17,17"
19,344,342,NMDS,4,"0,1,10,11,12,15",4,"1,4,2,2"
19,345,342,NMDS,4,"0,1,10,11,12,15",18,"1,1,10,10"
19,346,342,NMDS,4,"0,1,10,11,12,15",13,"1,1,10,10"
19,347,342,NMDS,4,"0,1,10,11,12,15",8,"1,4,2,2"
19,348,342,NMDS,4,"0,1,10,11,12,15",3,"1,1,10,10"
19,349,342,NMDS,4,"0,1,10,11,12,15",17,"1,1,10,10"
19,350,342,NMDS,4,"0,1,10,11,12,15",12,"1,1,10,10"
19,351,342,NMDS,4,"0,1,10,11,12,15",7,"1,4,2,2"
19,352,342,NMDS,4,"0,1,10,11,12,15",2,"1,9,17,17"
19,353,342,NMDS,4,"0,1,10,11,12,15",16,"1,1,12,12"
19,354,342,NMDS,4,"0,1,10,11,12,15",11,"1,13,1,13"
19,355,342,NMDS,4,"0,1,10,11,12,15",6,"1,1,10,10"
19,356,342,MDS,4,"0,1,10,11,12,15",1,"1,4,2,2"
19,357,342,MDS,4,"0,1,10,11,12,15",15,"1,14,7,7"
19,358,342,MDS,4,"0,1,10,11,12,15",10,"1,1,10,10"
19,359,342,NMDS,4,"0,1,10,11,12,15",5,"1,7,9,9"
19,360,342,NMDS,4,"0,1,10,11,12,15",0,"1,16,7,7"
19,361,342,NMDS,4,"0,1,10,11,12,15",14,"1,1,10,10"
19,362,342,MDS,4,"0,1,10,11,13,15",13,"1,1,11,11"
19,363,342,NMDS,4,"0,1,10,11,13,15",11,"1,11,10,10"
19,364,342,NMDS,4,"0,1,10,11,13,15",9,"1,15,5,5"
19,365,342,NMDS,4,"0,1,10,11,13,15",7,"1,2,4,2"
19,366,342,NMDS,4,"0,1,10,11,13,15",5,"1,15,5,5"
19,367,342,NMDS,4,"0,1,10,11,13,15",3,"1,16,5,5"
19,368,342,NMDS,4,"0,1,10,11,13,15",1,"1,11,10,10"
19,369,342,MDS,4,"0,1,10,11,13,15",18,"1,11,10,10"
19,370,342,NMDS,4,"0,1,10,11,13,15",16,"1,10,16,16"
19,371,342,NMDS,4,"0,1,10,11,13,15",14,"1,11,10,10"
19,372,342,NMDS,4,"0,1,10,11,13,15",12,"1,15,5,5"
19,373,342,NMDS,4,"0,1,10,11,13,15",10,"1,18,8,8"
19,374,342,NMDS,4,"0,1,10,11,13,15",8,"1,11,10,10"
19,375,342,NMDS,4,"0,1,10,11,13,15",6,"1,15,5,5"
19,376,342,NMDS,4,"0,1,10,11,13,15",4,"1,11,10,10"
19,377,342,NMDS,4,"0,1,10,11,13,15",2,"1,16,5,5"
19,378,342,NMDS,4,"0,1,10,11,13,15",0,"1,16,5,5"
19,379,342,NMDS,4,"0,1,10,11,13,15",17,"1,11,10,10"
19,380,342,NMDS,4,"0,1,10,11,13,15",15,"1,1,11,11"
19,381,342,NMDS,4,"0,1,10,13,14,16",12,"1,1,10,10"
19,382,342,NMDS,4,"0,1,10,13,14,16",14,"1,10,5,5"
19,383,342,MDS,4,"0,1,10,13,14,16",16,"1,6,11,11"
19,384,342,NMDS,4,"0,1,10,13,14,16",18,"1,15,5,5"
19,385,342,NMDS,4,"0,1,10,13,14,16",1,"1,10,5,5"
19,386,342,MDS,4,"0,1,10,13,14,16",3,"1,10,5,5"
19,387,342,NMDS,4,"0,1,10,13,14,16",5,"1,10,5,5"
19,388,342,NMDS,4,"0,1,10,13,14,16",7,"1,7,2,7"
19,389,342,NMDS,4,"0,1,10,13,14,16",9,"1,1,10,10"
19,390,342,NMDS,4,"0,1,10,13,14,16",11,"1,15,5,5"
19,391,342,MDS,4,"0,1,10,13,14,16",13,"1,1,10,10"
19,392,342,NMDS,4,"0,1,10,13,14,16",15,"1,10,16,16"
19,393,342,NMDS,4,"0,1,10,13,14,16",17,"1,15,5,5"
19,394,342,MDS,4,"0,1,10,13,14,16",0,"1,1,10,10"
19,395,342,NMDS,4,"0,1,10,13,14,16",2,"1,1,10,10"
19,396,342,NMDS,4,"0,1,10,13,14,16",4,"1,10,5,5"
19,397,342,NMDS,4,"0,1,10,13,14,16",6,"1,10,5,5"
19,398,342,NMDS,4,"0,1,10,13,14,16",8,"1,15,5,5"
19,399,342,NMDS,4,"0,1,10,13,14,16",10,"1,17,12,12"
19,400,342,NMDS,4,"0,1,2,3,10,17",3,"1,14,7,7"
19,401,342,NMDS,4,"0,1,2,3,10,17",8,"1,1,10,10"
19,402,342,NMDS,4,"0,1,2,3,10,17",13,"1,1,10,10"
19,403,342,NMDS,4,"0,1,2,3,10,17",18,"1,5,4,4"
19,404,342,NMDS,4,"0,1,2,3,10,17",4,"1,14,7,7"
19,405,342,NMDS,4,"0,1,2,3,10,17",9,"1,2,1,13"
19,406,342,NMDS,4,"0,1,2,3,10,17",14,"1,14,7,7"
19,407,342,NMDS,4,"0,1,2,3,10,17",0,"1,1,10,10"
19,408,342,NMDS,4,"0,1,2,3,10,17",5,"1,5,4,4"
19,409,342,NMDS,4,"0,1,2,3,10,17",10,"1,5,4,4"
19,410,342,NMDS,4,"0,1,2,3,10,17",15,"1,14,7,7"
19,411,342,NMDS,4,"0,1,2,3,10,17",1,"1,6,3,3"
19,412,342,NMDS,4,"0,1,2,3,10,17",6,"1,1,10,10"
19,413,342,NMDS,4,"0,1,2,3,10,17",11,"1,1,10,10"
19,414,342,MDS,4,"0,1,2,3,10,17",16,"1,5,4,4"
19,415,342,NMDS,4,"0,1,2,3,10,17",2,"1,13,4,4"
19,416,342,MDS,4,"0,1,2,3,10,17",7,"1,1,10,10"
19,417,342,NMDS,4,"0,1,2,3,10,17",12,"1,1,10,10"
19,418,342,MDS,4,"0,1,2,3,10,17",17,"1,1,10,10"
19,419,342,NMDS,4,"0,1,11,12,13,18",10,"1,14,2,2"
19,420,342,NMDS,4,"0,1,11,12,13,18",0,"1,13,8,8"
19,421,342,NMDS,4,"0,1,11,12,13,18",12,"1,13,8,8"
19,422,342,NMDS,4,"0,1,11,12,13,18",14,"1,10,2,2"
19,423,342,MDS,4,"0,1,11,12,13,18",15,"1,13,8,8"
19,424,342,MDS,4,"0,1,11,12,13,18",8,"1,5,13,17"
19,425,342,MDS,4,"0,1,11,12,13,18",1,"1,9,17,17"
19,426,342,NMDS,4,"0,1,11,12,13,18",13,"1,9,17,17"
19,427,342,NMDS,4,"0,1,11,12,13,18",11,"1,9,17,17"
19,428,171,MDS,4,"0,1,11,12,13,18",18,"1,18,14,14"
19,429,342,NMDS,4,"0,1,11,14,15,18",2,"1,16,8,8"
19,430,342,NMDS,4,"0,1,11,14,15,18",15,"1,17,5,12"
19,431,342,NMDS,4,"0,1,11,14,15,18",9,"1,14,13,13"
19,432,342,MDS,4,"0,1,11,14,15,18",3,"1,18,9,9"
19,433,342,NMDS,4,"0,1,11,14,15,18",16,"1,13,8,8"
19,434,342,NMDS,4,"0,1,11,14,15,18",10,"1,1,10,10"
19,435,342,MDS,4,"0,1,11,14,15,18",4,"1,15,5,5"
19,436,342,MDS,4,"0,1,11,14,15,18",17,"1,1,10,10"
19,437,342,NMDS,4,"0,1,11,14,15,18",11,"1,1,10,10"
19,438,342,NMDS,4,"0,1,11,14,15,18",5,"1,16,8,8"
19,439,342,MDS,4,"0,1,11,14,15,18",18,"1,18,9,9"
19,440,342,NMDS,4,"0,1,11,14,15,18",12,"1,1,10,10"
19,441,342,NMDS,4,"0,1,11,14,15,18",6,"1,15,5,5"
19,442,342,NMDS,4,"0,1,11,14,15,18",0,"1,18,9,9"
19,443,342,NMDS,4,"0,1,11,14,15,18",13,"1,1,10,10"
19,444,342,NMDS,4,"0,1,11,14,15,18",7,"1,16,8,8"
19,445,342,MDS,4,"0,1,11,14,15,18",1,"1,14,13,13"
19,446,342,NMDS,4,"0,1,11,14,15,18",14,"1,1,10,10"
19,447,342,NMDS,4,"0,1,11,14,15,18",8,"1,1,10,10"
19,448,342,NMDS,4,"0,1,11,15,16,17",5,"1,18,4,4"
19,449,342,NMDS,4,"0,1,11,15,16,17",10,"1,9,4,4"
19,450,342,NMDS,4,"0,1,11,15,16,17",15,"1,16,4,4"
19,451,342,MDS,4,"0,1,11,15,16,17",1,"1,10,12,12"
19,452,342,NMDS,4,"0,1,11,15,16,17",6,"1,13,14,14"
19,453,342,MDS,4,"0,1,11,15,16,17",11,"1,12,3,3"
19,454,342,NMDS,4,"0,1,11,15,16,17",16,"1,16,4,4"
19,455,342,MDS,4,"0,1,11,15,16,17",2,"1,10,12,12"
19,456,342,NMDS,4,"0,1,11,15,16,17",7,"1,9,4,4"
19,457,342,NMDS,4,"0,1,11,15,16,17",12,"1,10,12,12"
19,458,342,NMDS,4,"0,1,11,15,16,17",17,"1,16,4,4"
19,459,342,MDS,4,"0,1,11,15,16,17",3,"1,3,3,11"
19,460,342,NMDS,4,"0,1,11,15,16,17",8,"1,16,4,4"
19,461,342,NMDS,4,"0,1,11,15,16,17",13,"1,9,4,4"
19,462,342,NMDS,4,"0,1,11,15,16,17",18,"1,16,4,4"
19,463,342,NMDS,4,"0,1,11,15,16,17",4,"1,10,12,12"
19,464,342,NMDS,4,"0,1,11,15,16,17",9,"1,16,4,4"
19,465,342,NMDS,4,"0,1,11,15,16,17",14,"1,16,4,4"
19,466,342,MDS,4,"0,1,11,15,16,17",0,"1,6,9,9"
19,467,342,MDS,4,"0,1,11,14,16,18",1,"1,8,7,7"
19,468,342,NMDS,4,"0,1,11,14,16,18",16,"1,8,13,13"
19,469,342,NMDS,4,"0,1,11,14,16,18",12,"1,7,16,16"
19,470,342,NMDS,4,"0,1,11,14,16,18",8,"1,8,13,13"
19,471,342,MDS,4,"0,1,11,14,16,18",4,"1,5,3,1"
19,472,342,NMDS,4,"0,1,11,14,16,18",0,"1,8,13,13"
19,473,342,NMDS,4,"0,1,11,14,16,18",15,"1,7,16,16"
19,474,342,NMDS,4,"0,1,11,14,16,18",11,"1,8,13,13"
19,475,342,NMDS,4,"0,1,11,14,16,18",7,"1,7,16,16"
19,476,342,NMDS,4,"0,1,11,14,16,18",3,"1,8,13,13"
19,477,342,MDS,4,"0,1,11,14,16,18",18,"1,7,16,16"
19,478,342,NMDS,4,"0,1,11,14,16,18",14,"1,7,16,16"
19,479,342,NMDS,4,"0,1,11,14,16,18",10,"1,1,16,16"
19,480,342,NMDS,4,"0,1,11,14,16,18",6,"1,7,16,16"
19,481,342,MDS,4,"0,1,11,14,16,18",2,"1,7,16,16"
19,482,342,NMDS,4,"0,1,11,14,16,18",17,"1,5,2,2"
19,483,342,NMDS,4,"0,1,11,14,16,18",13,"1,18,14,14"
19,484,342,NMDS,4,"0,1,11,14,16,18",9,"1,18,14,14"
19,485,342,NMDS,4,"0,1,11,14,16,18",5,"1,7,16,16"
19,486,342,NMDS,4,"0,1,10,11,12,17",10,"1,5,12,12"
19,487,342,NMDS,4,"0,1,10,11,12,17",4,"1,5,12,12"
19,488,342,MDS,4,"0,1,10,11,12,17",17,"1,13,17,17"
19,489,342,NMDS,4,"0,1,10,11,12,17",11,"1,15,17,17"
19,490,342,NMDS,4,"0,1,10,11,12,17",5,"1,15,7,15"
19,491,342,NMDS,4,"0,1,10,11,12,17",18,"1,3,11,11"
19,492,342,NMDS,4,"0,1,10,11,12,17",12,"1,3,11,11"
19,493,342,MDS,4,"0,1,10,11,12,17",6,"1,3,11,11"
19,494,342,NMDS,4,"0,1,10,11,12,17",0,"1,3,11,11"
19,495,342,NMDS,4,"0,1,10,11,12,17",13,"1,3,11,11"
19,496,342,MDS,4,"0,1,10,11,12,17",7,"1,3,11,11"
19,497,342,NMDS,4,"0,1,10,11,12,17",1,"1,15,5,5"
19,498,342,NMDS,4,"0,1,10,11,12,17",14,"1,5,12,12"
19,499,342,NMDS,4,"0,1,10,11,12,17",8,"1,3,11,11"
19,500,342,NMDS,4,"0,1,10,11,12,17",2,"1,15,5,5"
19,501,342,MDS,4,"0,1,10,11,12,17",15,"1,13,17,17"
19,502,342,NMDS,4,"0,1,10,11,12,17",9,"1,15,17,17"
19,503,342,NMDS,4,"0,1,10,11,12,17",3,"1,3,11,11"
19,504,342,MDS,4,"0,1,10,11,12,17",16,"1,3,11,11"
19,505,342,NMDS,4,"0,1,10,12,13,15",13,"1,13,10,10"
19,506,342,NMDS,4,"0,1,10,12,13,15",7,"1,13,17,17"
19,507,342,MDS,4,"0,1,10,12,13,15",1,"1,18,6,6"
19,508,342,NMDS,4,"0,1,10,12,13,15",14,"1,11,10,10"
19,509,342,NMDS,4,"0,1,10,12,13,15",8,"1,11,10,10"
19,510,342,NMDS,4,"0,1,10,12,13,15",2,"1,18,6,6"
19,511,342,MDS,4,"0,1,10,12,13,15",15,"1,13,10,10"
19,512,342,NMDS,4,"0,1,10,12,13,15",9,"1,5,10,5"
19,513,342,NMDS,4,"0,1,10,12,13,15",3,"1,4,16,16"
19,514,342,NMDS,4,"0,1,10,12,13,15",16,"1,11,10,10"
19,515,342,NMDS,4,"0,1,10,12,13,15",10,"1,11,10,10"
19,516,342,NMDS,4,"0,1,10,12,13,15",4,"1,4,16,16"
19,517,342,MDS,4,"0,1,10,12,13,15",17,"1,11,10,10"
19,518,342,NMDS,4,"0,1,10,12,13,15",11,"1,18,6,6"
19,519,342,NMDS,4,"0,1,10,12,13,15",5,"1,13,14,14"
19,520,342,NMDS,4,"0,1,10,12,13,15",18,"1,11,10,10"
19,521,342,MDS,4,"0,1,10,12,13,15",12,"1,13,17,17"
19,522,342,NMDS,4,"0,1,10,12,13,15",6,"1,11,10,10"
19,523,342,NMDS,4,"0,1,10,12,13,15",0,"1,11,10,10"
19,524,342,NMDS,4,"0,1,2,10,13,17",14,"1,7,15,15"
19,525,342,MDS,4,"0,1,2,10,13,17",7,"1,15,13,13"
19,526,342,NMDS,4,"0,1,2,10,13,17",0,"1,12,5,5"
19,527,342,NMDS,4,"0,1,2,10,13,17",12,"1,15,13,13"
19,528,342,NMDS,4,"0,1,2,10,13,17",5,"1,1,13,13"
19,529,342,MDS,4,"0,1,2,10,13,17",17,"1,12,5,5"
19,530,342,NMDS,4,"0,1,2,10,13,17",10,"1,1,13,13"
19,531,342,NMDS,4,"0,1,2,10,13,17",3,"1,1,13,13"
19,532,342,NMDS,4,"0,1,2,10,13,17",15,"1,4,4,2"
19,533,342,NMDS,4,"0,1,2,10,13,17",8,"1,1,13,13"
19,534,342,NMDS,4,"0,1,2,10,13,17",1,"1,5,8,8"
19,535,342,NMDS,4,"0,1,2,10,13,17",13,"1,1,13,13"
19,536,342,NMDS,4,"0,1,2,10,13,17",6,"1,5,8,8"
19,537,342,NMDS,4,"0,1,2,10,13,17",18,"1,5,8,8"
19,538,342,NMDS,4,"0,1,2,10,13,17",11,"1,1,11,11"
19,539,342,NMDS,4,"0,1,2,10,13,17",4,"1,1,13,13"
19,540,342,NMDS,4,"0,1,2,10,13,17",16,"1,1,11,11"
19,541,342,NMDS,4,"0,1,2,10,13,17",9,"1,15,13,13"
19,542,342,NMDS,4,"0,1,2,10,13,17",2,"1,1,13,13"
19,543,342,NMDS,4,"0,1,2,10,15,18",10,"1,14,7,7"
19,544,342,NMDS,4,"0,1,2,10,15,18",13,"1,13,16,16"
19,545,342,NMDS,4,"0,1,2,10,15,18",16,"1,13,16,16"
19,546,342,NMDS,4,"0,1,2,10,15,18",0,"1,15,17,17"
19,547,342,NMDS,4,"0,1,2,10,15,18",3,"1,15,17,17"
19,548,342,NMDS,4,"0,1,2,10,15,18",6,"1,7,17,17"
19,549,342,NMDS,4,"0,1,2,10,15,18",9,"1,5,8,8"
19,550,342,NMDS,4,"0,1,2,10,15,18",12,"1,3,17,17"
19,551,342,NMDS,4,"0,1,2,10,15,18",15,"1,16,10,16"
19,552,342,NMDS,4,"0,1,2,10,15,18",18,"1,13,16,16"
19,553,342,NMDS,4,"0,1,2,10,15,18",2,"1,15,17,17"
19,554,342,NMDS,4,"0,1,2,10,15,18",5,"1,13,16,16"
19,555,342,NMDS,4,"0,1,2,10,15,18",8,"1,13,16,16"
19,556,342,NMDS,4,"0,1,2,10,15,18",11,"1,13,16,16"
19,557,342,NMDS,4,"0,1,2,10,15,18",14,"1,10,16,16"
19,558,342,NMDS,4,"0,1,2,10,15,18",17,"1,13,16,16"
19,559,342,NMDS,4,"0,1,2,10,15,18",1,"1,15,17,17"
19,560,342,MDS,4,"0,1,2,10,15,18",4,"1,13,16,16"
19,561,342,NMDS,4,"0,1,2,10,15,18",7,"1,15,17,17"
19,562,342,NMDS,4,"0,1,10,11,14,15",10,"1,18,14,14"
19,563,342,NMDS,4,"0,1,10,11,14,15",7,"1,18,14,14"
19,564,342,MDS,4,"0,1,10,11,14,15",4,"1,17,16,16"
19,565,342,NMDS,4,"0,1,10,11,14,15",1,"1,10,2,2"
19,566,342,NMDS,4,"0,1,10,11,14,15",17,"1,18,14,14"
19,567,342,MDS,4,"0,1,10,11,14,15",14,"1,4,6,6"
19,568,342,NMDS,4,"0,1,10,11,14,15",11,"1,18,14,14"
19,569,342,NMDS,4,"0,1,10,11,14,15",8,"1,18,8,8"
19,570,342,NMDS,4,"0,1,10,11,14,15",5,"1,10,2,2"
19,571,342,NMDS,4,"0,1,10,11,14,15",2,"1,2,8,8"
19,572,342,MDS,4,"0,1,10,11,14,15",18,"1,2,8,8"
19,573,342,NMDS,4,"0,1,10,11,14,15",15,"1,10,2,2"
19,574,342,NMDS,4,"0,1,10,11,14,15",12,"1,18,14,14"
19,575,342,MDS,4,"0,1,10,11,14,15",9,"1,9,18,9"
19,576,342,NMDS,4,"0,1,10,11,14,15",6,"1,10,2,2"
19,577,342,NMDS,4,"0,1,10,11,14,15",3,"1,10,2,2"
19,578,342,MDS,4,"0,1,10,11,14,15",0,"1,18,14,14"
19,579,342,NMDS,4,"0,1,10,11,14,15",16,"1,2,8,8"
19,580,342,MDS,4,"0,1,10,11,14,15",13,"1,15,16,16"
19,581,342,MDS,4,"0,1,11,13,14,15",13,"1,3,10,12"
19,582,342,NMDS,4,"0,1,11,13,14,15",10,"1,13,16,16"
19,583,342,NMDS,4,"0,1,11,13,14,15",7,"1,9,14,14"
19,584,342,NMDS,4,"0,1,11,13,14,15",4,"1,10,16,16"
19,585,342,NMDS,4,"0,1,11,13,14,15",1,"1,13,16,16"
19,586,342,MDS,4,"0,1,11,13,14,15",17,"1,16,8,8"
19,587,342,NMDS,4,"0,1,11,13,14,15",14,"1,2,10,10"
19,588,342,NMDS,4,"0,1,11,13,14,15",11,"1,13,16,16"
19,589,342,NMDS,4,"0,1,11,13,14,15",8,"1,13,16,16"
19,590,342,NMDS,4,"0,1,11,13,14,15",5,"1,13,16,16"
19,591,342,NMDS,4,"0,1,11,13,14,15",2,"1,16,8,8"
19,592,342,MDS,4,"0,1,11,13,14,15",18,"1,13,16,16"
19,593,342,NMDS,4,"0,1,11,13,14,15",15,"1,16,4,4"
19,594,342,NMDS,4,"0,1,11,13,14,15",12,"1,13,16,16"
19,595,342,NMDS,4,"0,1,11,13,14,15",9,"1,1,13,13"
19,596,342,NMDS,4,"0,1,11,13,14,15",6,"1,13,16,16"
19,597,342,MDS,4,"0,1,11,13,14,15",3,"1,16,8,8"
19,598,342,NMDS,4,"0,1,11,13,14,15",0,"1,1,13,13"
19,599,342,NMDS,4,"0,1,11,13,14,15",16,"1,9,14,14"
19,600,342,MDS,4,"0,1,10,12,15,17",15,"1,8,5,5"
19,601,342,MDS,4,"0,1,10,12,15,17",17,"1,13,17,17"
19,602,342,MDS,4,"0,1,10,12,15,17",0,"1,13,17,17"
19,603,342,MDS,4,"0,1,10,12,15,17",2,"1,14,10,10"
19,604,342,NMDS,4,"0,1,10,12,15,17",4,"1,7,15,15"
19,605,342,NMDS,4,"0,1,10,12,15,17",6,"1,17,12,12"
19,606,342,NMDS,4,"0,1,10,12,15,17",8,"1,10,16,16"
19,607,342,NMDS,4,"0,1,10,12,15,17",10,"1,14,16,16"
19,608,342,MDS,4,"0,1,10,12,15,17",12,"1,7,7,13"
19,609,342,NMDS,4,"0,1,10,12,15,17",14,"1,10,12,12"
19,610,342,NMDS,4,"0,1,10,12,15,17",16,"1,10,16,16"
19,611,342,NMDS,4,"0,1,10,12,15,17",18,"1,10,16,16"
19,612,342,NMDS,4,"0,1,10,12,15,17",1,"1,10,16,16"
19,613,342,NMDS,4,"0,1,10,12,15,17",3,"1,17,12,12"
19,614,342,MDS,4,"0,1,10,12,15,17",5,"1,10,16,16"
19,615,342,NMDS,4,"0,1,10,12,15,17",7,"1,17,12,12"
19,616,342,NMDS,4,"0,1,10,12,15,17",9,"1,10,16,16"
19,617,342,NMDS,4,"0,1,10,12,15,17",11,"1,10,16,16"
19,618,342,NMDS,4,"0,1,10,12,15,17",13,"1,10,12,12"
19,619,342,MDS,4,"0,1,10,13,15,18",1,"1,13,17,17"
19,620,342,NMDS,4,"0,1,10,13,15,18",14,"1,13,16,16"
19,621,342,NMDS,4,"0,1,10,13,15,18",8,"1,8,4,4"
19,622,342,MDS,4,"0,1,10,13,15,18",2,"1,10,16,16"
19,623,342,NMDS,4,"0,1,10,13,15,18",15,"1,8,4,4"
19,624,342,NMDS,4,"0,1,10,13,15,18",9,"1,11,5,5"
19,625,342,NMDS,4,"0,1,10,13,15,18",3,"1,15,17,17"
19,626,342,NMDS,4,"0,1,10,13,15,18",16,"1,13,16,16"
19,627,342,NMDS,4,"0,1,10,13,15,18",10,"1,17,18,18"
19,628,342,NMDS,4,"0,1,10,13,15,18",4,"1,8,8,4"
19,629,342,MDS,4,"0,1,10,13,15,18",17,"1,13,16,16"
19,630,342,NMDS,4,"0,1,10,13,15,18",11,"1,8,4,4"
19,631,342,NMDS,4,"0,1,10,13,15,18",5,"1,15,17,17"
19,632,342,MDS,4,"0,1,10,13,15,18",18,"1,13,16,16"
19,633,342,NMDS,4,"0,1,10,13,15,18",12,"1,13,16,16"
19,634,342,NMDS,4,"0,1,10,13,15,18",6,"1,7,17,17"
19,635,342,NMDS,4,"0,1,10,13,15,18",0,"1,8,4,4"
19,636,342,NMDS,4,"0,1,10,13,15,18",13,"1,8,4,4"
19,637,342,NMDS,4,"0,1,10,13,15,18",7,"1,13,16,16"
19,638,342,MDS,4,"0,1,13,14,15,17",0,"1,7,13,13"
19,639,342,NMDS,4,"0,1,13,14,15,17",7,"1,7,13,13"
19,640,342,NMDS,4,"0,1,13,14,15,17",14,"1,15,15,5"
19,641,342,MDS,4,"0,1,13,14,15,17",2,"1,16,18,18"
19,642,342,NMDS,4,"0,1,13,14,15,17",9,"1,7,13,13"
19,643,342,NMDS,4,"0,1,13,14,15,17",16,"1,10,6,6"
19,644,342,NMDS,4,"0,1,13,14,15,17",4,"1,18,3,3"
19,645,342,NMDS,4,"0,1,13,14,15,17",11,"1,7,13,13"
19,646,342,NMDS,4,"0,1,13,14,15,17",18,"1,15,5,5"
19,647,342,NMDS,4,"0,1,13,14,15,17",6,"1,18,3,3"
19,648,342,NMDS,4,"0,1,13,14,15,17",13,"1,18,3,3"
19,649,342,MDS,4,"0,1,13,14,15,17",1,"1,10,6,6"
19,650,342,NMDS,4,"0,1,13,14,15,17",8,"1,13,16,16"
19,651,342,NMDS,4,"0,1,13,14,15,17",15,"1,7,13,13"
19,652,342,MDS,4,"0,1,13,14,15,17",3,"1,7,13,13"
19,653,342,NMDS,4,"0,1,13,14,15,17",10,"1,13,16,16"
19,654,342,MDS,4,"0,1,13,14,15,17",17,"1,16,18,18"
19,655,342,MDS,4,"0,1,13,14,15,17",5,"1,13,16,16"
19,656,342,NMDS,4,"0,1,13,14,15,17",12,"1,13,16,16"
19,657,342,NMDS,4,"0,1,10,13,14,18",5,"1,8,4,4"
19,658,342,NMDS,4,"0,1,10,13,14,18",15,"1,13,16,16"
19,659,342,NMDS,4,"0,1,10,13,14,18",6,"1,13,17,17"
19,660,342,MDS,4,"0,1,10,13,14,18",16,"1,15,5,5"
19,661,342,NMDS,4,"0,1,10,13,14,18",7,"1,6,2,2"
19,662,342,MDS,4,"0,1,10,13,14,18",17,"1,12,2,2"
19,663,342,NMDS,4,"0,1,10,13,14,18",8,"1,6,5,5"
19,664,342,NMDS,4,"0,1,10,13,14,18",18,"1,13,16,16"
19,665,342,NMDS,4,"0,1,10,13,14,18",9,"1,6,5,5"
19,666,342,NMDS,4,"0,1,10,13,14,18",0,"1,8,4,4"
19,667,342,NMDS,4,"0,1,10,13,14,18",10,"1,13,16,16"
19,668,342,MDS,4,"0,1,10,13,14,18",1,"1,8,4,4"
19,669,342,NMDS,4,"0,1,10,13,14,18",11,"1,6,2,2"
19,670,342,MDS,4,"0,1,10,13,14,18",2,"1,8,4,4"
19,671,342,NMDS,4,"0,1,10,13,14,18",12,"1,8,4,4"
19,672,342,NMDS,4,"0,1,10,13,14,18",3,"1,8,4,4"
19,673,342,NMDS,4,"0,1,10,13,14,18",13,"1,8,4,4"
19,674,342,NMDS,4,"0,1,10,13,14,18",4,"1,13,17,17"
19,675,342,NMDS,4,"0,1,10,13,14,18",14,"1,16,13,16"
19,676,342,MDS,4,"0,1,10,11,14,16",1,"1,9,14,14"
19,677,342,NMDS,4,"0,1,10,11,14,16",5,"1,2,8,8"
19,678,342,NMDS,4,"0,1,10,11,14,16",16,"1,8,4,4"
19,679,342,NMDS,4,"0,1,10,11,14,16",12,"1,16,8,8"
19,680,342,NMDS,4,"0,1,10,11,14,16",6,"1,16,8,8"
19,681,342,MDS,4,"0,1,10,11,14,16",10,"1,9,14,14"
19,682,342,MDS,4,"0,1,10,11,14,16",0,"1,10,12,12"
19,683,342,NMDS,4,"0,1,10,11,14,16",15,"1,8,4,4"
19,684,342,NMDS,4,"0,1,10,11,14,16",11,"1,16,4,4"
19,685,171,NMDS,4,"0,1,10,11,14,16",7,"1,8,4,4"
19,686,342,NMDS,4,"0,1,10,13,16,18",13,"1,8,4,4"
19,687,342,NMDS,4,"0,1,10,13,16,18",11,"1,8,4,4"
19,688,342,NMDS,4,"0,1,10,13,16,18",9,"1,11,15,15"
19,689,342,NMDS,4,"0,1,10,13,16,18",7,"1,12,4,4"
19,690,342,NMDS,4,"0,1,10,13,16,18",5,"1,17,12,12"
19,691,342,NMDS,4,"0,1,10,13,16,18",3,"1,6,2,2"
19,692,342,NMDS,4,"0,1,10,13,16,18",1,"1,12,4,4"
19,693,342,MDS,4,"0,1,10,13,16,18",18,"1,18,6,6"
19,694,342,NMDS,4,"0,1,10,13,16,18",16,"1,17,12,12"
19,695,342,NMDS,4,"0,1,10,13,16,18",14,"1,11,15,15"
19,696,342,NMDS,4,"0,1,10,13,16,18",12,"1,17,12,12"
19,697,342,NMDS,4,"0,1,10,13,16,18",10,"1,11,15,15"
19,698,342,NMDS,4,"0,1,10,13,16,18",8,"1,8,4,4"
19,699,342,NMDS,4,"0,1,10,13,16,18",6,"1,12,4,4"
19,700,342,NMDS,4,"0,1,10,13,16,18",4,"1,17,6,6"
19,701,342,MDS,4,"0,1,10,13,16,18",2,"1,8,4,4"
19,702,342,NMDS,4,"0,1,10,13,16,18",0,"1,8,4,4"
19,703,342,NMDS,4,"0,1,10,13,16,18",17,"1,8,4,4"
19,704,342,NMDS,4,"0,1,10,13,16,18",15,"1,10,10,16"
19,705,342,NMDS,4,"0,1,14,16,17,18",18,"1,14,13,13"
19,706,342,NMDS,4,"0,1,14,16,17,18",12,"1,1,10,10"
19,707,342,MDS,4,"0,1,14,16,17,18",6,"1,1,4,4"
19,708,342,NMDS,4,"0,1,14,16,17,18",0,"1,1,10,10"
19,709,342,NMDS,4,"0,1,14,16,17,18",13,"1,1,10,10"
19,710,342,MDS,4,"0,1,14,16,17,18",7,"1,6,3,3"
19,711,342,MDS,4,"0,1,14,16,17,18",1,"1,5,12,12"
19,712,342,NMDS,4,"0,1,14,16,17,18",14,"1,5,12,12"
19,713,342,MDS,4,"0,1,14,16,17,18",8,"1,13,16,16"
19,714,342,MDS,4,"0,1,14,16,17,18",2,"1,1,4,4"
19,715,342,NMDS,4,"0,1,14,16,17,18",15,"1,1,10,10"
19,716,342,NMDS,4,"0,1,14,16,17,18",9,"1,16,4,4"
19,717,342,MDS,4,"0,1,14,16,17,18",3,"1,13,13,8"
19,718,342,NMDS,4,"0,1,14,16,17,18",16,"1,1,10,10"
19,719,342,NMDS,4,"0,1,14,16,17,18",10,"1,5,12,12"
19,720,342,MDS,4,"0,1,14,16,17,18",4,"1,5,12,12"
19,721,342,NMDS,4,"0,1,14,16,17,18",17,"1,13,16,16"
19,722,342,NMDS,4,"0,1,14,16,17,18",11,"1,1,10,10"
19,723,342,MDS,4,"0,1,14,16,17,18",5,"1,1,10,10"
19,724,342,NMDS,4,"0,1,13,16,17,18",11,"1,1,4,4"
19,725,342,MDS,4,"0,1,13,16,17,18",3,"1,16,5,5"
19,726,342,NMDS,4,"0,1,13,16,17,18",14,"1,13,4,4"
19,727,342,MDS,4,"0,1,13,16,17,18",6,"1,15,3,3"
19,728,342,NMDS,4,"0,1,13,16,17,18",17,"1,10,2,2"
19,729,342,NMDS,4,"0,1,13,16,17,18",9,"1,10,2,2"
19,730,342,MDS,4,"0,1,13,16,17,18",1,"1,1,4,4"
19,731,342,NMDS,4,"0,1,13,16,17,18",12,"1,1,4,4"
19,732,342,MDS,4,"0,1,13,16,17,18",4,"1,1,4,4"
19,733,342,NMDS,4,"0,1,13,16,17,18",15,"1,1,4,4"
19,734,342,MDS,4,"0,1,13,16,17,18",7,"1,1,11,11"
19,735,342,NMDS,4,"0,1,13,16,17,18",18,"1,18,15,15"
19,736,342,NMDS,4,"0,1,13,16,17,18",10,"1,10,2,2"
19,737,342,MDS,4,"0,1,13,16,17,18",2,"1,16,5,5"
19,738,342,NMDS,4,"0,1,13,16,17,18",13,"1,1,4,4"
19,739,342,MDS,4,"0,1,13,16,17,18",5,"1,10,2,2"
19,740,342,NMDS,4,"0,1,13,16,17,18",16,"1,13,7,13"
19,741,342,NMDS,4,"0,1,13,16,17,18",8,"1,10,2,2"
19,742,342,NMDS,4,"0,1,13,16,17,18",0,"1,15,3,3"
19,743,342,NMDS,4,"0,1,12,13,14,15",9,"1,1,10,10"
19,744,342,MDS,4,"0,1,12,13,14,15",5,"1,7,13,13"
19,745,342,NMDS,4,"0,1,12,13,14,15",1,"1,17,12,12"
19,746,342,NMDS,4,"0,1,12,13,14,15",16,"1,1,10,10"
19,747,342,MDS,4,"0,1,12,13,14,15",12,"1,1,14,13"
19,748,342,NMDS,4,"0,1,12,13,14,15",8,"1,1,10,10"
19,749,342,NMDS,4,"0,1,12,13,14,15",4,"1,1,10,10"
19,750,342,MDS,4,"0,1,12,13,14,15",0,"1,1,10,10"
19,751,342,NMDS,4,"0,1,12,13,14,15",15,"1,1,13,13"
19,752,342,NMDS,4,"0,1,12,13,14,15",11,"1,7,13,13"
19,753,342,NMDS,4,"0,1,12,13,14,15",7,"1,1,10,10"
19,754,342,NMDS,4,"0,1,12,13,14,15",3,"1,13,16,16"
19,755,342,MDS,4,"0,1,12,13,14,15",18,"1,1,10,10"
19,756,342,NMDS,4,"0,1,12,13,14,15",14,"1,10,16,16"
19,757,342,NMDS,4,"0,1,12,13,14,15",10,"1,15,5,5"
19,758,342,NMDS,4,"0,1,12,13,14,15",6,"1,1,10,10"
19,759,342,NMDS,4,"0,1,12,13,14,15",2,"1,13,16,16"
19,760,342,MDS,4,"0,1,12,13,14,15",17,"1,14,7,7"
19,761,342,NMDS,4,"0,1,12,13,14,15",13,"1,13,16,16"
19,762,342,NMDS,4,"0,1,10,13,15,16",0,"1,13,16,16"
19,763,342,NMDS,4,"0,1,10,13,15,16",3,"1,10,5,5"
19,764,342,NMDS,4,"0,1,10,13,15,16",6,"1,10,5,5"
19,765,342,NMDS,4,"0,1,10,13,15,16",9,"1,13,16,16"
19,766,342,NMDS,4,"0,1,10,13,15,16",12,"1,9,14,14"
19,767,342,MDS,4,"0,1,10,13,15,16",15,"1,9,14,14"
19,768,342,MDS,4,"0,1,10,13,15,16",18,"1,10,16,16"
19,769,342,MDS,4,"0,1,10,13,15,16",2,"1,9,3,3"
19,770,342,NMDS,4,"0,1,10,13,15,16",5,"1,10,5,5"
19,771,342,NMDS,4,"0,1,10,13,15,16",8,"1,13,16,16"
19,772,342,NMDS,4,"0,1,10,13,15,16",11,"1,10,5,5"
19,773,342,NMDS,4,"0,1,10,13,15,16",14,"1,5,8,8"
19,774,342,NMDS,4,"0,1,10,13,15,16",17,"1,12,4,4"
19,775,342,NMDS,4,"0,1,10,13,15,16",1,"1,9,14,14"
19,776,342,NMDS,4,"0,1,10,13,15,16",4,"1,10,5,5"
19,777,342,NMDS,4,"0,1,10,13,15,16",7,"1,13,1,13"
19,778,342,NMDS,4,"0,1,10,13,15,16",10,"1,10,5,5"
19,779,342,NMDS,4,"0,1,10,13,15,16",13,"1,13,16,16"
19,780,342,NMDS,4,"0,1,10,13,15,16",16,"1,10,5,5"
19,781,342,NMDS,4,"0,1,10,13,14,15",6,"1,10,5,5"
19,782,342,NMDS,4,"0,1,10,13,14,15",14,"1,8,4,4"
19,783,342,MDS,4,"0,1,10,13,14,15",3,"1,10,5,5"
19,784,342,NMDS,4,"0,1,10,13,14,15",11,"1,10,5,5"
19,785,342,NMDS,4,"0,1,10,13,14,15",0,"1,1,10,10"
19,786,342,NMDS,4,"0,1,10,13,14,15",8,"1,8,4,4"
19,787,342,NMDS,4,"0,1,10,13,14,15",16,"1,1,10,10"
19,788,342,NMDS,4,"0,1,10,13,14,15",5,"1,10,5,5"
19,789,342,MDS,4,"0,1,10,13,14,15",13,"1,13,16,16"
19,790,342,MDS,4,"0,1,10,13,14,15",2,"1,1,5,5"
19,791,342,NMDS,4,"0,1,10,13,14,15",10,"1,1,10,10"
19,792,342,NMDS,4,"0,1,10,13,14,15",18,"1,1,10,10"
19,793,342,NMDS,4,"0,1,10,13,14,15",7,"1,4,8,4"
19,794,342,NMDS,4,"0,1,10,13,14,15",15,"1,12,4,4"
19,795,342,NMDS,4,"0,1,10,13,14,15",4,"1,1,10,10"
19,796,342,MDS,4,"0,1,10,13,14,15",12,"1,1,10,10"
19,797,342,NMDS,4,"0,1,10,13,14,15",1,"1,13,16,16"
19,798,342,NMDS,4,"0,1,10,13,14,15",9,"1,15,5,5"
19,799,342,MDS,4,"0,1,10,13,14,15",17,"1,12,4,4"
19,800,342,NMDS,4,"0,1,2,10,15,17",8,"1,1,16,16"
19,801,342,NMDS,4,"0,1,2,10,15,17",7,"1,10,8,8"
19,802,342,NMDS,4,"0,1,2,10,15,17",6,"1,10,8,8"
19,803,342,MDS,4,"0,1,2,10,15,17",5,"1,2,5,5"
19,804,342,NMDS,4,"0,1,2,10,15,17",4,"1,1,16,16"
19,805,342,NMDS,4,"0,1,2,10,15,17",3,"1,2,5,5"
19,806,342,MDS,4,"0,1,2,10,15,17",2,"1,1,16,16"
19,807,342,NMDS,4,"0,1,2,10,15,17",1,"1,1,16,16"
19,808,342,NMDS,4,"0,1,2,10,15,17",0,"1,2,4,4"
19,809,342,NMDS,4,"0,1,2,10,15,17",18,"1,4,8,4"
19,810,342,NMDS,4,"0,1,2,10,15,17",17,"1,10,8,8"
19,811,342,NMDS,4,"0,1,2,10,15,17",16,"1,16,10,10"
19,812,342,NMDS,4,"0,1,2,10,15,17",15,"1,1,16,16"
19,813,342,NMDS,4,"0,1,2,10,15,17",14,"1,13,4,4"
19,814,342,NMDS,4,"0,1,2,10,15,17",13,"1,1,16,16"
19,815,342,NMDS,4,"0,1,2,10,15,17",12,"1,2,5,5"
19,816,342,NMDS,4,"0,1,2,10,15,17",11,"1,1,16,16"
19,817,342,NMDS,4,"0,1,2,10,15,17",10,"1,1,8,8"
19,818,342,NMDS,4,"0,1,2,10,15,17",9,"1,10,8,8"
19,819,342,NMDS,4,"0,1,10,14,16,17",5,"1,7,16,16"
19,820,342,MDS,4,"0,1,10,14,16,17",4,"1,15,13,13"
19,821,342,NMDS,4,"0,1,10,14,16,17",3,"1,15,13,13"
19,822,342,NMDS,4,"0,1,10,14,16,17",2,"1,8,2,2"
19,823,342,MDS,4,"0,1,10,14,16,17",1,"1,1,16,16"
19,824,342,MDS,4,"0,1,10,14,16,17",0,"1,7,16,16"
19,825,342,NMDS,4,"0,1,10,14,16,17",18,"1,7,16,16"
19,826,342,NMDS,4,"0,1,10,14,16,17",17,"1,5,15,17"
19,827,342,MDS,4,"0,1,10,14,16,17",16,"1,7,16,16"
19,828,342,NMDS,4,"0,1,10,14,16,17",15,"1,8,2,2"
19,829,342,NMDS,4,"0,1,10,14,16,17",14,"1,9,4,4"
19,830,342,NMDS,4,"0,1,10,14,16,17",13,"1,5,4,4"
19,831,342,NMDS,4,"0,1,10,14,16,17",12,"1,8,2,2"
19,832,342,NMDS,4,"0,1,10,14,16,17",11,"1,8,2,2"
19,833,342,MDS,4,"0,1,10,14,16,17",10,"1,7,16,16"
19,834,342,NMDS,4,"0,1,10,14,16,17",9,"1,7,16,16"
19,835,342,NMDS,4,"0,1,10,14,16,17",8,"1,5,4,4"
19,836,342,NMDS,4,"0,1,10,14,16,17",7,"1,7,16,16"
19,837,342,NMDS,4,"0,1,10,14,16,17",6,"1,8,2,2"
19,838,342,NMDS,4,"0,1,10,11,12,14",8,"1,4,2,2"
19,839,342,MDS,4,"0,1,10,11,12,14",9,"1,7,9,9"
19,840,342,MDS,4,"0,1,10,11,12,14",10,"1,1,5,5"
19,841,342,NMDS,4,"0,1,10,11,12,14",11,"1,15,17,17"
19,842,342,NMDS,4,"0,1,10,11,12,14",12,"1,1,11,11"
19,843,342,NMDS,4,"0,1,10,11,12,14",13,"1,10,12,12"
19,844,342,NMDS,4,"0,1,10,11,12,14",14,"1,15,17,17"
19,845,342,NMDS,4,"0,1,10,11,12,14",15,"1,1,5,5"
19,846,342,NMDS,4,"0,1,10,11,12,14",16,"1,4,2,2"
19,847,342,NMDS,4,"0,1,10,11,12,14",17,"1,15,17,17"
19,848,342,NMDS,4,"0,1,10,11,12,14",18,"1,6,5,5"
19,849,342,MDS,4,"0,1,10,11,12,14",0,"1,15,17,17"
19,850,342,MDS,4,"0,1,10,11,12,14",1,"1,4,2,2"
19,851,342,NMDS,4,"0,1,10,11,12,14",2,"1,16,4,4"
19,852,342,NMDS,4,"0,1,10,11,12,14",3,"1,16,4,4"
19,853,342,NMDS,4,"0,1,10,11,12,14",4,"1,15,17,17"
19,854,342,NMDS,4,"0,1,10,11,12,14",5,"1,15,7,15"
19,855,342,NMDS,4,"0,1,10,11,12,14",6,"1,15,17,17"
19,856,342,NMDS,4,"0,1,10,11,12,14",7,"1,15,17,17"
19,857,342,MDS,4,"0,1,10,12,16,18",14,"1,1,4,4"
19,858,342,NMDS,4,"0,1,10,12,16,18",13,"1,1,10,10"
19,859,342,NMDS,4,"0,1,10,12,16,18",12,"1,1,4,4"
19,860,342,NMDS,4,"0,1,10,12,16,18",11,"1,8,4,4"
19,861,342,NMDS,4,"0,1,10,12,16,18",10,"1,8,4,4"
19,862,342,NMDS,4,"0,1,10,12,16,18",9,"1,12,4,4"
19,863,342,NMDS,4,"0,1,10,12,16,18",8,"1,16,7,7"
19,864,342,NMDS,4,"0,1,10,12,16,18",7,"1,1,10,10"
19,865,342,NMDS,4,"0,1,10,12,16,18",6,"1,12,4,4"
19,866,342,MDS,4,"0,1,10,12,16,18",5,"1,12,4,4"
19,867,342,NMDS,4,"0,1,10,12,16,18",4,"1,4,10,16"
19,868,342,NMDS,4,"0,1,10,12,16,18",3,"1,1,10,10"
19,869,342,NMDS,4,"0,1,10,12,16,18",2,"1,1,10,10"
19,870,342,MDS,4,"0,1,10,12,16,18",1,"1,17,18,18"
19,871,342,NMDS,4,"0,1,10,12,16,18",0,"1,17,18,18"
19,872,342,MDS,4,"0,1,10,12,16,18",18,"1,1,10,10"
19,873,342,NMDS,4,"0,1,10,12,16,18",17,"1,1,10,10"
19,874,342,NMDS,4,"0,1,10,12,16,18",16,"1,17,18,18"
19,875,342,NMDS,4,"0,1,10,12,16,18",15,"1,1,10,10"
19,876,342,MDS,4,"0,1,2,10,13,18",7,"1,3,12,3"
19,877,342,NMDS,4,"0,1,2,10,13,18",15,"1,8,5,8"
19,878,342,NMDS,4,"0,1,2,10,13,18",4,"1,12,6,2"
19,879,342,NMDS,4,"0,1,2,10,13,18",12,"1,10,11,10"
19,880,342,NMDS,4,"0,1,2,10,13,18",1,"1,10,11,10"
19,881,342,NMDS,4,"0,1,2,10,13,18",9,"1,10,11,10"
19,882,342,MDS,4,"0,1,2,10,13,18",17,"1,13,1,13"
19,883,342,NMDS,4,"0,1,2,10,13,18",6,"1,10,11,10"
19,884,342,NMDS,4,"0,1,2,10,13,18",14,"1,10,11,10"
19,885,342,NMDS,4,"0,1,2,10,13,18",3,"1,6,6,2"
19,886,342,NMDS,4,"0,1,2,10,13,18",11,"1,13,1,13"
19,887,342,NMDS,4,"0,1,2,10,13,18",0,"1,13,1,13"
19,888,342,MDS,4,"0,1,2,10,13,18",8,"1,11,15,5"
19,889,342,NMDS,4,"0,1,2,10,13,18",16,"1,8,5,8"
19,890,342,NMDS,4,"0,1,2,10,13,18",5,"1,13,1,13"
19,891,342,NMDS,4,"0,1,2,10,13,18",13,"1,10,11,10"
19,892,342,NMDS,4,"0,1,2,10,13,18",2,"1,11,15,5"
19,893,342,NMDS,4,"0,1,2,10,13,18",10,"1,10,11,10"
19,894,342,MDS,4,"0,1,2,10,13,18",18,"1,16,18,6"
19,895,342,MDS,4,"0,1,12,15,17,18",3,"1,5,12,12"
19,896,342,NMDS,4,"0,1,12,15,17,18",8,"1,10,5,5"
19,897,342,NMDS,4,"0,1,12,15,17,18",13,"1,12,12,4"
19,898,342,NMDS,4,"0,1,12,15,17,18",18,"1,5,12,12"
19,899,342,MDS,4,"0,1,12,15,17,18",4,"1,10,5,5"
19,900,342,NMDS,4,"0,1,12,15,17,18",9,"1,5,12,12"
19,901,342,NMDS,4,"0,1,12,15,17,18",14,"1,10,5,5"
19,902,342,NMDS,4,"0,1,12,15,17,18",0,"1,10,5,5"
19,903,342,MDS,4,"0,1,12,15,17,18",5,"1,4,11,11"
19,904,342,NMDS,4,"0,1,12,15,17,18",10,"1,10,5,5"
19,905,342,NMDS,4,"0,1,12,15,17,18",15,"1,8,4,4"
19,906,342,MDS,4,"0,1,12,15,17,18",1,"1,5,12,12"
19,907,342,NMDS,4,"0,1,12,15,17,18",6,"1,7,5,5"
19,908,342,NMDS,4,"0,1,12,15,17,18",11,"1,13,14,14"
19,909,342,NMDS,4,"0,1,12,15,17,18",16,"1,13,14,14"
19,910,342,MDS,4,"0,1,12,15,17,18",2,"1,8,4,4"
19,911,342,NMDS,4,"0,1,12,15,17,18",7,"1,7,9,9"
19,912,342,NMDS,4,"0,1,12,15,17,18",12,"1,10,5,5"
19,913,342,NMDS,4,"0,1,12,15,17,18",17,"1,10,5,5"
19,914,342,MDS,4,"0,1,12,14,15,17",2,"1,7,13,13"
19,915,342,NMDS,4,"0,1,12,14,15,17",10,"1,18,6,6"
19,916,342,NMDS,4,"0,1,12,14,15,17",18,"1,12,2,2"
19,917,342,NMDS,4,"0,1,12,14,15,17",7,"1,7,13,13"
19,918,342,NMDS,4,"0,1,12,14,15,17",15,"1,5,10,5"
19,919,342,MDS,4,"0,1,12,14,15,17",4,"1,17,15,15"
19,920,342,NMDS,4,"0,1,12,14,15,17",12,"1,13,16,16"
19,921,342,MDS,4,"0,1,12,14,15,17",1,"1,1,16,16"
19,922,342,NMDS,4,"0,1,12,14,15,17",9,"1,13,16,16"
19,923,342,MDS,4,"0,1,12,14,15,17",17,"1,18,6,6"
19,924,342,NMDS,4,"0,1,12,14,15,17",6,"1,4,2,2"
19,925,342,NMDS,4,"0,1,12,14,15,17",14,"1,7,13,13"
19,926,342,NMDS,4,"0,1,12,14,15,17",3,"1,7,13,13"
19,927,342,NMDS,4,"0,1,12,14,15,17",11,"1,7,13,13"
19,928,342,MDS,4,"0,1,12,14,15,17",0,"1,7,13,13"
19,929,342,NMDS,4,"0,1,12,14,15,17",8,"1,13,16,16"
19,930,342,NMDS,4,"0,1,12,14,15,17",16,"1,7,13,13"
19,931,342,NMDS,4,"0,1,12,14,15,17",5,"1,13,16,16"
19,932,342,NMDS,4,"0,1,12,14,15,17",13,"1,13,16,16"
19,933,342,NMDS,4,"0,1,10,12,14,17",10,"1,1,16,16"
19,934,342,MDS,4,"0,1,10,12,14,17",0,"1,16,9,9"
19,935,342,NMDS,4,"0,1,10,12,14,17",9,"1,2,10,10"
19,936,342,NMDS,4,"0,1,10,12,14,17",18,"1,10,16,16"
19,937,342,NMDS,4,"0,1,10,12,14,17",8,"1,10,16,16"
19,938,342,NMDS,4,"0,1,10,12,14,17",17,"1,10,16,16"
19,939,342,NMDS,4,"0,1,10,12,14,17",7,"1,7,5,5"
19,940,342,MDS,4,"0,1,10,12,14,17",16,"1,2,10,10"
19,941,342,NMDS,4,"0,1,10,12,14,17",6,"1,14,15,15"
19,942,342,NMDS,4,"0,1,10,12,14,17",15,"1,13,8,8"
19,943,342,NMDS,4,"0,1,10,12,14,17",5,"1,10,16,16"
19,944,342,MDS,4,"0,1,10,12,14,17",14,"1,16,9,9"
19,945,342,NMDS,4,"0,1,10,12,14,17",4,"1,1,11,10"
19,946,342,NMDS,4,"0,1,10,12,14,17",13,"1,2,10,10"
19,947,342,NMDS,4,"0,1,10,12,14,17",3,"1,13,8,8"
19,948,342,NMDS,4,"0,1,10,12,14,17",12,"1,18,2,2"
19,949,342,MDS,4,"0,1,10,12,14,17",2,"1,2,10,10"
19,950,342,NMDS,4,"0,1,10,12,14,17",11,"1,10,16,16"
19,951,342,NMDS,4,"0,1,10,12,14,17",1,"1,2,10,10"
19,952,342,NMDS,4,"0,1,2,4,7,12",10,"1,10,12,12"
19,953,342,NMDS,4,"0,1,2,4,7,12",4,"1,10,12,12"
19,954,342,NMDS,4,"0,1,2,4,7,12",1,"1,10,12,12"
19,955,342,NMDS,4,"0,1,2,4,7,12",0,"1,1,5,5"
19,956,342,NMDS,4,"0,1,2,4,7,12",15,"1,3,10,10"
19,957,342,NMDS,4,"0,1,2,4,7,12",12,"1,3,10,10"
19,958,114,NMDS,4,"0,1,2,4,7,12",13,"1,7,16,16"
19,959,342,NMDS,4,"0,1,10,12,16,17",13,"1,12,11,11"
19,960,342,NMDS,4,"0,1,10,12,16,17",7,"1,8,4,4"
19,961,342,NMDS,4,"0,1,10,12,16,17",1,"1,5,4,4"
19,962,342,NMDS,4,"0,1,10,12,16,17",14,"1,12,11,11"
19,963,342,NMDS,4,"0,1,10,12,16,17",8,"1,9,11,11"
19,964,342,MDS,4,"0,1,10,12,16,17",2,"1,8,4,4"
19,965,342,NMDS,4,"0,1,10,12,16,17",15,"1,8,4,4"
19,966,342,NMDS,4,"0,1,10,12,16,17",9,"1,5,4,4"
19,967,342,NMDS,4,"0,1,10,12,16,17",3,"1,4,2,2"
19,968,342,MDS,4,"0,1,10,12,16,17",16,"1,5,4,4"
19,969,342,NMDS,4,"0,1,10,12,16,17",10,"1,8,4,4"
19,970,342,NMDS,4,"0,1,10,12,16,17",4,"1,8,4,4"
19,971,342,NMDS,4,"0,1,10,12,16,17",17,"1,5,5,12"
19,972,342,NMDS,4,"0,1,10,12,16,17",11,"1,4,2,2"
19,973,342,NMDS,4,"0,1,10,12,16,17",5,"1,8,4,4"
19,974,342,NMDS,4,"0,1,10,12,16,17",18,"1,6,3,3"
19,975,342,MDS,4,"0,1,10,12,16,17",12,"1,4,2,2"
19,976,342,MDS,4,"0,1,10,12,16,17",6,"1,3,10,10"
19,977,342,NMDS,4,"0,1,10,12,16,17",0,"1,4,2,2"
19,978,342,MDS,4,"0,1,14,15,16,17",5,"1,18,14,14"
19,979,342,MDS,4,"0,1,14,15,16,17",6,"1,8,3,3"
19,980,342,NMDS,4,"0,1,14,15,16,17",7,"1,10,16,16"
19,981,342,NMDS,4,"0,1,14,15,16,17",8,"1,9,3,3"
19,982,342,NMDS,4,"0,1,14,15,16,17",9,"1,9,3,3"
19,983,342,NMDS,4,"0,1,14,15,16,17",10,"1,9,3,3"
19,984,342,NMDS,4,"0,1,14,15,16,17",11,"1,10,16,16"
19,985,342,NMDS,4,"0,1,14,15,16,17",12,"1,10,16,16"
19,986,342,NMDS,4,"0,1,14,15,16,17",13,"1,10,16,16"
19,987,342,NMDS,4,"0,1,14,15,16,17",14,"1,10,16,16"
19,988,342,NMDS,4,"0,1,14,15,16,17",15,"1,7,14,14"
19,989,342,NMDS,4,"0,1,14,15,16,17",16,"1,3,15,15"
19,990,342,NMDS,4,"0,1,14,15,16,17",17,"1,17,4,4"
19,991,342,NMDS,4,"0,1,14,15,16,17",18,"1,4,16,4"
19,992,342,MDS,4,"0,1,14,15,16,17",0,"1,10,16,16"
19,993,342,MDS,4,"0,1,14,15,16,17",1,"1,18,14,14"
19,994,342,MDS,4,"0,1,14,15,16,17",2,"1,1,17,17"
19,995,342,MDS,4,"0,1,14,15,16,17",3,"1,10,16,16"
19,996,342,MDS,4,"0,1,14,15,16,17",4,"1,8,3,3"
19,997,342,NMDS,4,"0,1,2,10,13,15",9,"1,13,16,16"
19,998,342,NMDS,4,"0,1,2,10,13,15",7,"1,15,17,17"
19,999,342,NMDS,4,"0,1,2,10,13,15",5,"1,13,16,16"
19,1000,342,NMDS,4,"0,1,2,10,13,15",3,"1,15,17,17"
19,1001,342,MDS,4,"0,1,2,10,13,15",1,"1,14,7,7"
19,1002,342,NMDS,4,"0,1,2,10,13,15",18,"1,13,16,16"
19,1003,342,NMDS,4,"0,1,2,10,13,15",16,"1,5,10,5"
19,1004,342,NMDS,4,"0,1,2,10,13,15",14,"1,2,7,7"
19,1005,342,NMDS,4,"0,1,2,10,13,15",12,"1,13,16,16"
19,1006,342,NMDS,4,"0,1,2,10,13,15",10,"1,14,7,7"
19,1007,342,NMDS,4,"0,1,2,10,13,15",8,"1,15,17,17"
19,1008,342,NMDS,4,"0,1,2,10,13,15",6,"1,14,7,7"
19,1009,342,NMDS,4,"0,1,2,10,13,15",4,"1,13,16,16"
19,1010,342,MDS,4,"0,1,2,10,13,15",2,"1,13,16,16"
19,1011,342,NMDS,4,"0,1,2,10,13,15",0,"1,13,16,16"
19,1012,342,NMDS,4,"0,1,2,10,13,15",17,"1,11,10,10"
19,1013,342,NMDS,4,"0,1,2,10,13,15",15,"1,11,10,10"
19,1014,342,NMDS,4,"0,1,2,10,13,15",13,"1,11,10,10"
19,1015,342,NMDS,4,"0,1,2,10,13,15",11,"1,15,17,17"
19,1016,342,NMDS,4,"0,1,10,14,16,18",2,"1,12,4,4"
19,1017,342,NMDS,4,"0,1,10,14,16,18",8,"1,10,5,5"
19,1018,342,NMDS,4,"0,1,10,14,16,18",14,"1,16,8,8"
19,1019,342,MDS,4,"0,1,10,14,16,18",1,"1,6,2,2"
19,1020,342,NMDS,4,"0,1,10,14,16,18",7,"1,10,5,5"
19,1021,342,NMDS,4,"0,1,10,14,16,18",13,"1,10,5,5"
19,1022,342,NMDS,4,"0,1,10,14,16,18",0,"1,4,2,2"
19,1023,342,NMDS,4,"0,1,10,14,16,18",6,"1,4,2,2"
19,1024,342,NMDS,4,"0,1,10,14,16,18",12,"1,6,2,2"
19,1025,342,MDS,4,"0,1,10,14,16,18",18,"1,16,4,4"
19,1026,342,NMDS,4,"0,1,10,14,16,18",5,"1,10,5,5"
19,1027,342,NMDS,4,"0,1,10,14,16,18",11,"1,10,5,5"
19,1028,342,NMDS,4,"0,1,10,14,16,18",17,"1,10,5,5"
19,1029,342,NMDS,4,"0,1,10,14,16,18",4,"1,12,4,4"
19,1030,342,NMDS,4,"0,1,10,14,16,18",10,"1,4,2,2"
19,1031,342,NMDS,4,"0,1,10,14,16,18",16,"1,4,2,2"
19,1032,342,MDS,4,"0,1,10,14,16,18",3,"1,4,2,2"
19,1033,342,NMDS,4,"0,1,10,14,16,18",9,"1,7,14,13"
19,1034,342,NMDS,4,"0,1,10,14,16,18",15,"1,4,2,2"
19,1035,342,NMDS,4,"0,1,10,11,12,16",14,"1,2,10,10"
19,1036,342,MDS,4,"0,1,10,11,12,16",6,"1,13,14,14"
19,1037,342,NMDS,4,"0,1,10,11,12,16",17,"1,2,10,10"
19,1038,342,NMDS,4,"0,1,10,11,12,16",9,"1,1,5,5"
19,1039,342,NMDS,4,"0,1,10,11,12,16",1,"1,13,18,18"
19,1040,342,NMDS,4,"0,1,10,11,12,16",12,"1,18,15,15"
19,1041,342,NMDS,4,"0,1,10,11,12,16",4,"1,6,5,5"
19,1042,342,MDS,4,"0,1,10,11,12,16",15,"1,1,5,5"
19,1043,342,NMDS,4,"0,1,10,11,12,16",7,"1,2,10,10"
19,1044,342,NMDS,4,"0,1,10,11,12,16",18,"1,6,5,5"
19,1045,342,NMDS,4,"0,1,10,11,12,16",10,"1,1,5,5"
19,1046,342,NMDS,4,"0,1,10,11,12,16",2,"1,7,10,16"
19,1047,342,NMDS,4,"0,1,10,11,12,16",13,"1,13,18,18"
19,1048,342,NMDS,4,"0,1,10,11,12,16",5,"1,2,10,10"
19,1049,342,MDS,4,"0,1,10,11,12,16",16,"1,2,10,10"
19,1050,342,NMDS,4,"0,1,10,11,12,16",8,"1,1,5,5"
19,1051,342,NMDS,4,"0,1,10,11,12,16",0,"1,18,15,15"
19,1052,342,NMDS,4,"0,1,10,11,12,16",11,"1,2,10,10"
19,1053,342,NMDS,4,"0,1,10,11,12,16",3,"1,2,10,10"
19,1054,342,NMDS,4,"0,1,10,13,15,17",16,"1,12,4,4"
19,1055,342,NMDS,4,"0,1,10,13,15,17",5,"1,12,4,4"
19,1056,342,NMDS,4,"0,1,10,13,15,17",13,"1,13,16,16"
19,1057,342,NMDS,4,"0,1,10,13,15,17",2,"1,5,8,8"
19,1058,342,NMDS,4,"0,1,10,13,15,17",10,"1,10,5,5"
19,1059,342,NMDS,4,"0,1,10,13,15,17",18,"1,10,5,5"
19,1060,342,NMDS,4,"0,1,10,13,15,17",7,"1,10,5,5"
19,1061,342,MDS,4,"0,1,10,13,15,17",15,"1,1,7,7"
19,1062,342,NMDS,4,"0,1,10,13,15,17",4,"1,15,5,5"
19,1063,342,NMDS,4,"0,1,10,13,15,17",12,"1,10,5,5"
19,1064,342,MDS,4,"0,1,10,13,15,17",1,"1,18,16,18"
19,1065,342,NMDS,4,"0,1,10,13,15,17",9,"1,13,16,16"
19,1066,342,MDS,4,"0,1,10,13,15,17",17,"1,15,5,5"
19,1067,342,NMDS,4,"0,1,10,13,15,17",6,"1,10,5,5"
19,1068,342,NMDS,4,"0,1,10,13,15,17",14,"1,10,5,5"
19,1069,342,MDS,4,"0,1,10,13,15,17",3,"1,15,5,5"
19,1070,342,NMDS,4,"0,1,10,13,15,17",11,"1,10,5,5"
19,1071,342,NMDS,4,"0,1,10,13,15,17",0,"1,13,16,16"
19,1072,342,NMDS,4,"0,1,10,13,15,17",8,"1,13,16,16"
19,1073,342,NMDS,4,"0,1,11,13,14,18",13,"1,17,18,18"
19,1074,342,NMDS,4,"0,1,11,13,14,18",9,"1,14,13,13"
19,1075,342,NMDS,4,"0,1,11,13,14,18",5,"1,17,18,18"
19,1076,342,MDS,4,"0,1,11,13,14,18",1,"1,17,18,18"
19,1077,342,MDS,4,"0,1,11,13,14,18",16,"1,12,6,6"
19,1078,342,NMDS,4,"0,1,11,13,14,18",12,"1,12,6,6"
19,1079,342,NMDS,4,"0,1,11,13,14,18",8,"1,4,10,10"
19,1080,342,NMDS,4,"0,1,11,13,14,18",4,"1,15,18,18"
19,1081,342,NMDS,4,"0,1,11,13,14,18",0,"1,17,18,18"
19,1082,342,NMDS,4,"0,1,11,13,14,18",15,"1,17,18,18"
19,1083,342,NMDS,4,"0,1,11,13,14,18",11,"1,16,4,4"
19,1084,342,NMDS,4,"0,1,11,13,14,18",7,"1,16,4,4"
19,1085,342,MDS,4,"0,1,11,13,14,18",3,"1,12,6,6"
19,1086,342,MDS,4,"0,1,11,13,14,18",18,"1,17,18,18"
19,1087,342,NMDS,4,"0,1,11,13,14,18",14,"1,12,6,6"
19,1088,342,NMDS,4,"0,1,11,13,14,18",10,"1,12,6,6"
19,1089,342,NMDS,4,"0,1,11,13,14,18",6,"1,17,18,18"
19,1090,342,MDS,4,"0,1,11,13,14,18",2,"1,3,3,11"
19,1091,342,MDS,4,"0,1,11,13,14,18",17,"1,12,6,6"
19,1092,342,NMDS,4,"0,1,10,14,15,16",12,"1,10,5,5"
19,1093,342,NMDS,4,"0,1,10,14,15,16",15,"1,4,2,2"
19,1094,342,MDS,4,"0,1,10,14,15,16",18,"1,1,5,5"
19,1095,342,NMDS,4,"0,1,10,14,15,16",2,"1,17,18,18"
19,1096,342,NMDS,4,"0,1,10,14,15,16",5,"1,12,4,4"
19,1097,342,NMDS,4,"0,1,10,14,15,16",8,"1,4,2,2"
19,1098,342,NMDS,4,"0,1,10,14,15,16",11,"1,10,5,5"
19,1099,342,MDS,4,"0,1,10,14,15,16",14,"1,10,5,5"
19,1100,342,NMDS,4,"0,1,10,14,15,16",17,"1,12,4,4"
19,1101,342,NMDS,4,"0,1,10,14,15,16",1,"1,11,15,15"
19,1102,342,MDS,4,"0,1,10,14,15,16",4,"1,11,15,15"
19,1103,342,NMDS,4,"0,1,10,14,15,16",7,"1,10,5,5"
19,1104,342,NMDS,4,"0,1,10,14,15,16",10,"1,18,6,6"
19,1105,342,NMDS,4,"0,1,10,14,15,16",13,"1,18,9,9"
19,1106,342,NMDS,4,"0,1,10,14,15,16",16,"1,4,2,2"
19,1107,342,MDS,4,"0,1,10,14,15,16",0,"1,4,4,2"
19,1108,342,NMDS,4,"0,1,10,14,15,16",3,"1,18,9,9"
19,1109,342,NMDS,4,"0,1,10,14,15,16",6,"1,10,5,5"
19,1110,342,MDS,4,"0,1,10,14,15,16",9,"1,10,5,5"
19,1111,342,NMDS,4,"0,1,11,12,13,14",13,"1,10,12,12"
19,1112,342,MDS,4,"0,1,11,12,13,14",2,"1,15,10,10"
19,1113,342,MDS,4,"0,1,11,12,13,14",10,"1,3,15,15"
19,1114,342,NMDS,4,"0,1,11,12,13,14",18,"1,13,8,8"
19,1115,342,NMDS,4,"0,1,11,12,13,14",7,"1,10,12,12"
19,1116,342,NMDS,4,"0,1,11,12,13,14",15,"1,3,15,15"
19,1117,342,NMDS,4,"0,1,11,12,13,14",4,"1,13,8,8"
19,1118,342,NMDS,4,"0,1,11,12,13,14",12,"1,10,2,2"
19,1119,342,NMDS,4,"0,1,11,12,13,14",1,"1,6,5,5"
19,1120,342,NMDS,4,"0,1,11,12,13,14",9,"1,16,16,4"
19,1121,342,NMDS,4,"0,1,11,12,13,14",17,"1,10,12,12"
19,1122,342,NMDS,4,"0,1,11,12,13,14",6,"1,10,12,12"
19,1123,342,NMDS,4,"0,1,11,12,13,14",14,"1,10,12,12"
19,1124,342,MDS,4,"0,1,11,12,13,14",3,"1,12,5,5"
19,1125,342,MDS,4,"0,1,11,12,13,14",11,"1,2,8,8"
19,1126,342,NMDS,4,"0,1,11,12,13,14",0,"1,6,5,5"
19,1127,342,NMDS,4,"0,1,11,12,13,14",8,"1,10,12,12"
19,1128,342,MDS,4,"0,1,11,12,13,14",16,"1,14,18,18"
19,1129,342,NMDS,4,"0,1,11,12,13,14",5,"1,10,12,12"
19,1130,342,NMDS,4,"0,1,2,10,12,15",3,"1,10,1,10"
19,1131,342,NMDS,4,"0,1,2,10,12,15",10,"1,10,5,5"
19,1132,342,NMDS,4,"0,1,2,10,12,15",17,"1,4,2,2"
19,1133,342,NMDS,4,"0,1,2,10,12,15",5,"1,7,9,9"
19,1134,342,NMDS,4,"0,1,2,10,12,15",12,"1,10,5,5"
19,1135,342,MDS,4,"0,1,2,10,12,15",0,"1,16,7,7"
19,1136,342,NMDS,4,"0,1,2,10,12,15",7,"1,10,5,5"
19,1137,342,NMDS,4,"0,1,2,10,12,15",14,"1,18,15,15"
19,1138,342,MDS,4,"0,1,2,10,12,15",2,"1,4,2,2"
19,1139,342,NMDS,4,"0,1,2,10,12,15",9,"1,10,5,5"
19,1140,342,NMDS,4,"0,1,2,10,12,15",16,"1,10,8,8"
19,1141,342,NMDS,4,"0,1,2,10,12,15",4,"1,10,5,5"
19,1142,342,NMDS,4,"0,1,2,10,12,15",11,"1,2,5,5"
19,1143,342,NMDS,4,"0,1,2,10,12,15",18,"1,10,5,5"
19,1144,342,NMDS,4,"0,1,2,10,12,15",6,"1,10,5,5"
19,1145,342,NMDS,4,"0,1,2,10,12,15",13,"1,18,9,9"
19,1146,342,MDS,4,"0,1,2,10,12,15",1,"1,4,2,2"
19,1147,342,NMDS,4,"0,1,2,10,12,15",8,"1,10,5,5"
19,1148,342,NMDS,4,"0,1,2,10,12,15",15,"1,4,2,2"
19,1149,342,MDS,4,"0,1,13,15,16,18",3,"1,11,10,10"
19,1150,342,NMDS,4,"0,1,13,15,16,18",6,"1,11,10,10"
19,1151,342,NMDS,4,"0,1,13,15,16,18",9,"1,16,4,4"
19,1152,342,NMDS,4,"0,1,13,15,16,18",12,"1,16,4,4"
19,1153,342,NMDS,4,"0,1,13,15,16,18",15,"1,17,12,12"
19,1154,342,MDS,4,"0,1,13,15,16,18",18,"1,13,7,13"
19,1155,342,MDS,4,"0,1,13,15,16,18",2,"1,16,4,4"
19,1156,342,MDS,4,"0,1,13,15,16,18",5,"1,16,10,10"
19,1157,342,NMDS,4,"0,1,13,15,16,18",8,"1,12,2,2"
19,1158,342,NMDS,4,"0,1,13,15,16,18",11,"1,11,10,10"
19,1159,342,NMDS,4,"0,1,13,15,16,18",14,"1,11,10,10"
19,1160,342,NMDS,4,"0,1,13,15,16,18",17,"1,11,10,10"
19,1161,342,MDS,4,"0,1,13,15,16,18",1,"1,17,12,12"
19,1162,342,MDS,4,"0,1,13,15,16,18",4,"1,17,12,12"
19,1163,342,MDS,4,"0,1,13,15,16,18",7,"1,17,12,12"
19,1164,342,NMDS,4,"0,1,13,15,16,18",10,"1,11,10,10"
19,1165,342,NMDS,4,"0,1,13,15,16,18",13,"1,16,4,4"
19,1166,342,NMDS,4,"0,1,13,15,16,18",16,"1,11,10,10"
19,1167,342,NMDS,4,"0,1,13,15,16,18",0,"1,11,10,10"
19,1168,342,NMDS,4,"0,1,2,10,13,16",0,"1,6,3,3"
19,1169,342,NMDS,4,"0,1,2,10,13,16",13,"1,6,3,3"
19,1170,342,NMDS,4,"0,1,2,10,13,16",7,"1,6,2,2"
19,1171,342,NMDS,4,"0,1,2,10,13,16",1,"1,11,15,15"
19,1172,342,NMDS,4,"0,1,2,10,13,16",14,"1,6,2,2"
19,1173,342,NMDS,4,"0,1,2,10,13,16",8,"1,6,3,3"
19,1174,342,MDS,4,"0,1,2,10,13,16",2,"1,3,6,3"
19,1175,342,NMDS,4,"0,1,2,10,13,16",15,"1,6,3,3"
19,1176,342,NMDS,4,"0,1,2,10,13,16",9,"1,6,3,3"
19,1177,342,NMDS,4,"0,1,2,10,13,16",3,"1,11,15,15"
19,1178,342,NMDS,4,"0,1,2,10,13,16",16,"1,6,3,3"
19,1179,342,NMDS,4,"0,1,2,10,13,16",10,"1,15,5,5"
19,1180,342,NMDS,4,"0,1,2,10,13,16",4,"1,15,5,5"
19,1181,342,NMDS,4,"0,1,2,10,13,16",17,"1,6,2,2"
19,1182,342,NMDS,4,"0,1,2,10,13,16",11,"1,6,3,3"
19,1183,342,NMDS,4,"0,1,2,10,13,16",5,"1,3,10,10"
19,1184,342,NMDS,4,"0,1,2,10,13,16",18,"1,11,15,15"
19,1185,342,NMDS,4,"0,1,2,10,13,16",12,"1,15,5,5"
19,1186,342,NMDS,4,"0,1,2,10,13,16",6,"1,6,3,3"
19,1187,342,NMDS,4,"0,1,10,11,13,14",4,"1,4,2,2"
19,1188,342,NMDS,4,"0,1,10,11,13,14",14,"1,4,2,2"
19,1189,342,NMDS,4,"0,1,10,11,13,14",5,"1,4,11,11"
19,1190,342,NMDS,4,"0,1,10,11,13,14",15,"1,4,11,11"
19,1191,342,NMDS,4,"0,1,10,11,13,14",6,"1,10,13,13"
19,1192,342,NMDS,4,"0,1,10,11,13,14",16,"1,7,18,18"
19,1193,342,NMDS,4,"0,1,10,11,13,14",7,"1,4,2,2"
19,1194,342,MDS,4,"0,1,10,11,13,14",17,"1,12,14,11"
19,1195,342,NMDS,4,"0,1,10,11,13,14",8,"1,4,2,2"
19,1196,342,NMDS,4,"0,1,10,11,13,14",18,"1,15,10,10"
19,1197,342,NMDS,4,"0,1,10,11,13,14",9,"1,3,13,13"
19,1198,342,NMDS,4,"0,1,10,11,13,14",0,"1,4,2,2"
19,1199,342,MDS,4,"0,1,10,11,13,14",10,"1,4,2,2"
19,1200,342,MDS,4,"0,1,10,11,13,14",1,"1,4,2,2"
19,1201,342,NMDS,4,"0,1,10,11,13,14",11,"1,4,11,11"
19,1202,342,NMDS,4,"0,1,10,11,13,14",2,"1,3,13,13"
19,1203,342,NMDS,4,"0,1,10,11,13,14",12,"1,4,2,2"
19,1204,342,NMDS,4,"0,1,10,11,13,14",3,"1,10,13,13"
19,1205,342,MDS,4,"0,1,10,11,13,14",13,"1,10,17,17"
19,1206,342,NMDS,4,"0,1,11,13,15,17",6,"1,1,10,10"
19,1207,342,NMDS,4,"0,1,11,13,15,17",13,"1,4,7,7"
19,1208,342,NMDS,4,"0,1,11,13,15,17",1,"1,3,11,11"
19,1209,342,NMDS,4,"0,1,11,13,15,17",8,"1,1,10,10"
19,1210,342,MDS,4,"0,1,11,13,15,17",15,"1,1,12,12"
19,1211,342,NMDS,4,"0,1,11,13,15,17",3,"1,1,10,10"
19,1212,342,NMDS,4,"0,1,11,13,15,17",10,"1,1,10,10"
19,1213,342,MDS,4,"0,1,11,13,15,17",17,"1,8,4,4"
19,1214,342,NMDS,4,"0,1,11,13,15,17",5,"1,1,10,10"
19,1215,342,NMDS,4,"0,1,11,13,15,17",12,"1,1,10,10"
19,1216,342,MDS,4,"0,1,11,13,15,17",0,"1,1,10,10"
19,1217,342,NMDS,4,"0,1,11,13,15,17",7,"1,8,4,4"
19,1218,342,NMDS,4,"0,1,11,13,15,17",14,"1,13,4,4"
19,1219,342,MDS,4,"0,1,11,13,15,17",2,"1,8,4,4"
19,1220,342,NMDS,4,"0,1,11,13,15,17",9,"1,1,10,10"
19,1221,342,NMDS,4,"0,1,11,13,15,17",16,"1,12,2,2"
19,1222,342,MDS,4,"0,1,11,13,15,17",4,"1,16,7,16"
19,1223,342,NMDS,4,"0,1,11,13,15,17",11,"1,3,11,11"
19,1224,342,NMDS,4,"0,1,11,13,15,17",18,"1,3,11,11"
19,1225,342,NMDS,4,"0,1,12,14,15,16",11,"1,4,2,2"
19,1226,342,NMDS,4,"0,1,12,14,15,16",5,"1,9,3,3"
19,1227,342,MDS,4,"0,1,12,14,15,16",18,"1,12,6,6"
19,1228,342,NMDS,4,"0,1,12,14,15,16",12,"1,12,6,6"
19,1229,342,MDS,4,"0,1,12,14,15,16",6,"1,4,2,2"
19,1230,342,MDS,4,"0,1,12,14,15,16",0,"1,18,9,9"
19,1231,342,NMDS,4,"0,1,12,14,15,16",13,"1,4,2,2"
19,1232,342,NMDS,4,"0,1,12,14,15,16",7,"1,18,9,9"
19,1233,342,MDS,4,"0,1,12,14,15,16",1,"1,18,8,8"
19,1234,342,MDS,4,"0,1,12,14,15,16",14,"1,12,6,6"
19,1235,342,NMDS,4,"0,1,12,14,15,16",8,"1,2,7,7"
19,1236,342,MDS,4,"0,1,12,14,15,16",2,"1,9,11,11"
19,1237,342,NMDS,4,"0,1,12,14,15,16",15,"1,12,6,6"
19,1238,342,NMDS,4,"0,1,12,14,15,16",9,"1,18,9,9"
19,1239,342,NMDS,4,"0,1,12,14,15,16",3,"1,18,6,6"
19,1240,342,NMDS,4,"0,1,12,14,15,16",16,"1,12,16,4"
19,1241,342,NMDS,4,"0,1,12,14,15,16",10,"1,4,2,2"
19,1242,342,NMDS,4,"0,1,12,14,15,16",4,"1,4,2,2"
19,1243,342,NMDS,4,"0,1,12,14,15,16",17,"1,4,2,2"
19,1244,342,NMDS,4,"0,1,10,12,15,18",2,"1,7,15,15"
19,1245,342,NMDS,4,"0,1,10,12,15,18",18,"1,13,17,17"
19,1246,342,NMDS,4,"0,1,10,12,15,18",15,"1,5,6,6"
19,1247,342,NMDS,4,"0,1,10,12,15,18",12,"1,17,5,12"
19,1248,342,NMDS,4,"0,1,10,12,15,18",9,"1,13,17,17"
19,1249,342,NMDS,4,"0,1,10,12,15,18",6,"1,13,17,17"
19,1250,342,NMDS,4,"0,1,10,12,15,18",3,"1,7,15,15"
19,1251,342,NMDS,4,"0,1,10,12,15,18",0,"1,16,5,5"
19,1252,342,NMDS,4,"0,1,10,12,15,18",16,"1,7,15,15"
19,1253,342,NMDS,4,"0,1,10,12,15,18",13,"1,1,5,5"
19,1254,342,NMDS,4,"0,1,10,12,15,18",10,"1,16,5,5"
19,1255,342,NMDS,4,"0,1,10,12,15,18",7,"1,13,17,17"
19,1256,342,NMDS,4,"0,1,10,12,15,18",4,"1,13,17,17"
19,1257,342,MDS,4,"0,1,10,12,15,18",1,"1,9,7,7"
19,1258,342,MDS,4,"0,1,10,12,15,18",17,"1,13,17,17"
19,1259,342,NMDS,4,"0,1,10,12,15,18",14,"1,18,6,6"
19,1260,342,NMDS,4,"0,1,10,12,15,18",11,"1,1,5,5"
19,1261,342,NMDS,4,"0,1,10,12,15,18",8,"1,13,17,17"
19,1262,342,NMDS,4,"0,1,10,12,15,18",5,"1,1,5,5"
19,1263,342,NMDS,4,"0,1,10,11,13,16",3,"1,8,4,4"
19,1264,342,NMDS,4,"0,1,10,11,13,16",12,"1,1,10,10"
19,1265,342,NMDS,4,"0,1,10,11,13,16",2,"1,2,3,3"
19,1266,342,NMDS,4,"0,1,10,11,13,16",11,"1,8,4,4"
19,1267,342,NMDS,4,"0,1,10,11,13,16",1,"1,8,4,4"
19,1268,342,NMDS,4,"0,1,10,11,13,16",10,"1,1,10,10"
19,1269,342,MDS,4,"0,1,10,11,13,16",0,"1,13,16,16"
19,1270,342,NMDS,4,"0,1,10,11,13,16",9,"1,13,16,16"
19,1271,342,NMDS,4,"0,1,10,11,13,16",18,"1,15,13,13"
19,1272,342,NMDS,4,"0,1,10,11,13,16",8,"1,1,10,10"
19,1273,342,NMDS,4,"0,1,10,11,13,16",17,"1,1,10,10"
19,1274,342,NMDS,4,"0,1,10,11,13,16",7,"1,11,15,15"
19,1275,342,MDS,4,"0,1,10,11,13,16",16,"1,8,4,4"
19,1276,342,NMDS,4,"0,1,10,11,13,16",6,"1,8,4,4"
19,1277,342,NMDS,4,"0,1,10,11,13,16",15,"1,13,16,16"
19,1278,342,NMDS,4,"0,1,10,11,13,16",5,"1,15,13,13"
19,1279,342,NMDS,4,"0,1,10,11,13,16",14,"1,5,5,12"
19,1280,342,NMDS,4,"0,1,10,11,13,16",4,"1,3,14,14"
19,1281,342,MDS,4,"0,1,10,11,13,16",13,"1,1,10,10"
19,1282,342,NMDS,4,"0,1,12,16,17,18",8,"1,17,11,11"
19,1283,342,MDS,4,"0,1,12,16,17,18",1,"1,17,11,11"
19,1284,342,NMDS,4,"0,1,12,16,17,18",13,"1,17,11,11"
19,1285,342,MDS,4,"0,1,12,16,17,18",6,"1,12,5,12"
19,1286,342,NMDS,4,"0,1,12,16,17,18",18,"1,17,11,11"
19,1287,342,NMDS,4,"0,1,12,16,17,18",11,"1,10,2,2"
19,1288,342,MDS,4,"0,1,12,16,17,18",4,"1,14,16,16"
19,1289,342,NMDS,4,"0,1,12,16,17,18",16,"1,17,11,11"
19,1290,342,NMDS,4,"0,1,12,16,17,18",9,"1,10,2,2"
19,1291,342,MDS,4,"0,1,12,16,17,18",2,"1,15,11,11"
19,1292,342,NMDS,4,"0,1,12,16,17,18",14,"1,17,11,11"
19,1293,342,NMDS,4,"0,1,12,16,17,18",7,"1,4,10,10"
19,1294,342,NMDS,4,"0,1,12,16,17,18",0,"1,14,16,16"
19,1295,342,NMDS,4,"0,1,12,16,17,18",12,"1,10,2,2"
19,1296,342,MDS,4,"0,1,12,16,17,18",5,"1,14,16,16"
19,1297,342,NMDS,4,"0,1,12,16,17,18",17,"1,4,10,10"
19,1298,342,NMDS,4,"0,1,12,16,17,18",10,"1,17,11,11"
19,1299,342,MDS,4,"0,1,12,16,17,18",3,"1,18,2,2"
19,1300,342,NMDS,4,"0,1,12,16,17,18",15,"1,14,16,16"
19,1301,342,MDS,4,"0,1,10,13,16,17",0,"1,3,3,1"
19,1302,342,MDS,4,"0,1,10,13,16,17",16,"1,9,4,4"
19,1303,342,MDS,4,"0,1,10,13,16,17",13,"1,13,16,16"
19,1304,342,NMDS,4,"0,1,10,13,16,17",10,"1,10,5,5"
19,1305,342,NMDS,4,"0,1,10,13,16,17",7,"1,13,16,16"
19,1306,342,NMDS,4,"0,1,10,13,16,17",4,"1,10,5,5"
19,1307,342,NMDS,4,"0,1,10,13,16,17",1,"1,1,16,16"
19,1308,342,NMDS,4,"0,1,10,13,16,17",17,"1,6,3,3"
19,1309,342,NMDS,4,"0,1,10,13,16,17",14,"1,10,5,5"
19,1310,342,NMDS,4,"0,1,10,13,16,17",11,"1,13,16,16"
19,1311,342,NMDS,4,"0,1,10,13,16,17",8,"1,10,5,5"
19,1312,342,NMDS,4,"0,1,10,13,16,17",5,"1,10,5,5"
19,1313,342,NMDS,4,"0,1,10,13,16,17",2,"1,10,5,5"
19,1314,342,NMDS,4,"0,1,10,13,16,17",18,"1,9,4,4"
19,1315,342,NMDS,4,"0,1,10,13,16,17",15,"1,5,4,4"
19,1316,342,NMDS,4,"0,1,10,13,16,17",12,"1,6,3,3"
19,1317,342,NMDS,4,"0,1,10,13,16,17",9,"1,13,16,16"
19,1318,342,MDS,4,"0,1,10,13,16,17",6,"1,10,5,5"
19,1319,342,MDS,4,"0,1,10,13,16,17",3,"1,10,5,5"
19,1320,342,NMDS,4,"0,1,10,12,13,18",2,"1,10,5,5"
19,1321,342,MDS,4,"0,1,10,12,13,18",17,"1,10,5,5"
19,1322,342,NMDS,4,"0,1,10,12,13,18",13,"1,14,7,7"
19,1323,342,NMDS,4,"0,1,10,12,13,18",9,"1,11,15,15"
19,1324,342,NMDS,4,"0,1,10,12,13,18",5,"1,6,5,5"
19,1325,342,MDS,4,"0,1,10,12,13,18",1,"1,9,17,17"
19,1326,342,NMDS,4,"0,1,10,12,13,18",16,"1,10,5,5"
19,1327,342,NMDS,4,"0,1,10,12,13,18",12,"1,11,15,15"
19,1328,342,MDS,4,"0,1,10,12,13,18",8,"1,6,5,5"
19,1329,342,NMDS,4,"0,1,10,12,13,18",4,"1,6,5,5"
19,1330,342,NMDS,4,"0,1,10,12,13,18",0,"1,6,5,5"
19,1331,342,MDS,4,"0,1,10,12,13,18",15,"1,5,10,5"
19,1332,342,NMDS,4,"0,1,10,12,13,18",11,"1,10,5,5"
19,1333,342,NMDS,4,"0,1,10,12,13,18",7,"1,11,15,15"
19,1334,342,NMDS,4,"0,1,10,12,13,18",3,"1,14,7,7"
19,1335,342,MDS,4,"0,1,10,12,13,18",18,"1,14,7,7"
19,1336,342,NMDS,4,"0,1,10,12,13,18",14,"1,10,5,5"
19,1337,342,NMDS,4,"0,1,10,12,13,18",10,"1,9,17,17"
19,1338,342,NMDS,4,"0,1,10,12,13,18",6,"1,10,5,5"
19,1339,342,NMDS,4,"0,1,11,12,13,16",13,"1,16,4,4"
19,1340,342,NMDS,4,"0,1,11,12,13,16",5,"1,16,4,4"
19,1341,342,MDS,4,"0,1,11,12,13,16",16,"1,5,12,12"
19,1342,342,NMDS,4,"0,1,11,12,13,16",8,"1,5,12,12"
19,1343,342,MDS,4,"0,1,11,12,13,16",0,"1,18,2,2"
19,1344,342,NMDS,4,"0,1,11,12,13,16",11,"1,16,4,4"
19,1345,342,NMDS,4,"0,1,11,12,13,16",3,"1,5,12,12"
19,1346,342,NMDS,4,"0,1,11,12,13,16",14,"1,7,2,7"
19,1347,342,NMDS,4,"0,1,11,12,13,16",6,"1,16,4,4"
19,1348,342,NMDS,4,"0,1,11,12,13,16",17,"1,13,4,4"
19,1349,342,NMDS,4,"0,1,11,12,13,16",9,"1,5,12,12"
19,1350,342,NMDS,4,"0,1,11,12,13,16",1,"1,16,4,4"
19,1351,342,NMDS,4,"0,1,11,12,13,16",12,"1,16,4,4"
19,1352,342,NMDS,4,"0,1,11,12,13,16",4,"1,7,14,14"
19,1353,342,MDS,4,"0,1,11,12,13,16",15,"1,16,4,4"
19,1354,342,NMDS,4,"0,1,11,12,13,16",7,"1,5,12,12"
19,1355,342,MDS,4,"0,1,11,12,13,16",18,"1,8,16,16"
19,1356,342,NMDS,4,"0,1,11,12,13,16",10,"1,1,17,17"
19,1357,342,NMDS,4,"0,1,11,12,13,16",2,"1,5,12,12"
19,1358,342,MDS,4,"0,1,10,12,15,16",14,"1,3,10,10"
19,1359,342,NMDS,4,"0,1,10,12,15,16",11,"1,10,2,2"
19,1360,342,NMDS,4,"0,1,10,12,15,16",8,"1,18,18,9"
19,1361,342,NMDS,4,"0,1,10,12,15,16",5,"1,10,16,16"
19,1362,342,MDS,4,"0,1,10,12,15,16",2,"1,7,15,15"
19,1363,342,NMDS,4,"0,1,10,12,15,16",18,"1,10,16,16"
19,1364,342,MDS,4,"0,1,10,12,15,16",15,"1,9,3,3"
19,1365,342,NMDS,4,"0,1,10,12,15,16",12,"1,4,16,16"
19,1366,342,NMDS,4,"0,1,10,12,15,16",9,"1,10,16,16"
19,1367,342,NMDS,4,"0,1,10,12,15,16",6,"1,10,16,16"
19,1368,342,NMDS,4,"0,1,10,12,15,16",3,"1,10,16,16"
19,1369,342,NMDS,4,"0,1,10,12,15,16",0,"1,7,15,15"
19,1370,342,NMDS,4,"0,1,10,12,15,16",16,"1,10,16,16"
19,1371,342,NMDS,4,"0,1,10,12,15,16",13,"1,4,16,16"
19,1372,342,NMDS,4,"0,1,10,12,15,16",10,"1,10,16,16"
19,1373,342,NMDS,4,"0,1,10,12,15,16",7,"1,9,3,3"
19,1374,342,NMDS,4,"0,1,10,12,15,16",4,"1,10,16,16"
19,1375,342,MDS,4,"0,1,10,12,15,16",1,"1,18,6,6"
19,1376,342,NMDS,4,"0,1,10,12,15,16",17,"1,10,16,16"
19,1377,342,NMDS,4,"0,1,10,13,17,18",17,"1,8,4,4"
19,1378,342,NMDS,4,"0,1,10,13,17,18",9,"1,8,4,4"
19,1379,342,MDS,4,"0,1,10,13,17,18",1,"1,8,3,3"
19,1380,342,NMDS,4,"0,1,10,13,17,18",12,"1,10,5,5"
19,1381,342,NMDS,4,"0,1,10,13,17,18",4,"1,13,16,16"
19,1382,342,MDS,4,"0,1,10,13,17,18",15,"1,17,12,12"
19,1383,342,NMDS,4,"0,1,10,13,17,18",7,"1,10,5,5"
19,1384,342,NMDS,4,"0,1,10,13,17,18",18,"1,5,10,5"
19,1385,342,NMDS,4,"0,1,10,13,17,18",10,"1,8,3,3"
19,1386,342,NMDS,4,"0,1,10,13,17,18",2,"1,8,4,4"
19,1387,342,NMDS,4,"0,1,10,13,17,18",13,"1,8,4,4"
19,1388,342,NMDS,4,"0,1,10,13,17,18",5,"1,15,13,13"
19,1389,342,NMDS,4,"0,1,10,13,17,18",16,"1,13,16,16"
19,1390,342,NMDS,4,"0,1,10,13,17,18",8,"1,10,5,5"
19,1391,342,NMDS,4,"0,1,10,13,17,18",0,"1,10,5,5"
19,1392,342,NMDS,4,"0,1,10,13,17,18",11,"1,12,4,4"
19,1393,342,NMDS,4,"0,1,10,13,17,18",3,"1,15,5,5"
19,1394,342,NMDS,4,"0,1,10,13,17,18",14,"1,10,5,5"
19,1395,342,MDS,4,"0,1,10,13,17,18",6,"1,17,12,12"
19,1396,57,NMDS,4,"0,1,3,12,14,15",13,"1,7,15,15"
19,1397,342,NMDS,4,"0,1,3,12,14,15",0,"1,10,5,5"
19,1398,342,MDS,4,"0,1,3,12,14,15",1,"1,1,10,10"
19,1399,342,NMDS,4,"0,1,3,12,14,15",10,"1,2,7,7"
19,1400,342,NMDS,4,"0,1,10,12,17,18",0,"1,10,5,5"
19,1401,342,NMDS,4,"0,1,10,12,17,18",17,"1,1,10,10"
19,1402,342,MDS,4,"0,1,10,12,17,18",15,"1,1,10,10"
19,1403,342,NMDS,4,"0,1,10,12,17,18",13,"1,5,8,8"
19,1404,342,NMDS,4,"0,1,10,12,17,18",11,"1,1,10,10"
19,1405,342,NMDS,4,"0,1,10,12,17,18",9,"1,1,10,10"
19,1406,342,NMDS,4,"0,1,10,12,17,18",7,"1,1,10,10"
19,1407,342,MDS,4,"0,1,10,12,17,18",5,"1,7,5,5"
19,1408,342,NMDS,4,"0,1,10,12,17,18",3,"1,1,10,10"
19,1409,342,NMDS,4,"0,1,10,12,17,18",1,"1,8,4,4"
19,1410,342,NMDS,4,"0,1,10,12,17,18",18,"1,1,10,10"
19,1411,342,NMDS,4,"0,1,10,12,17,18",16,"1,17,4,4"
19,1412,342,MDS,4,"0,1,10,12,17,18",14,"1,10,5,5"
19,1413,342,NMDS,4,"0,1,10,12,17,18",12,"1,4,8,4"
19,1414,342,NMDS,4,"0,1,10,12,17,18",10,"1,1,10,10"
19,1415,342,NMDS,4,"0,1,10,12,17,18",8,"1,13,17,17"
19,1416,342,MDS,4,"0,1,10,12,17,18",6,"1,13,17,17"
19,1417,342,NMDS,4,"0,1,10,12,17,18",4,"1,1,10,10"
19,1418,342,NMDS,4,"0,1,10,12,17,18",2,"1,8,4,4"
19,1419,342,NMDS,4,"0,1,11,14,15,16",8,"1,11,17,17"
19,1420,342,NMDS,4,"0,1,11,14,15,16",15,"1,11,15,15"
19,1421,342,NMDS,4,"0,1,11,14,15,16",3,"1,9,7,7"
19,1422,342,NMDS,4,"0,1,11,14,15,16",10,"1,3,2,1"
19,1423,342,NMDS,4,"0,1,11,14,15,16",17,"1,18,9,9"
19,1424,342,MDS,4,"0,1,11,14,15,16",5,"1,11,17,17"
19,1425,342,NMDS,4,"0,1,11,14,15,16",12,"1,18,9,9"
19,1426,342,MDS,4,"0,1,11,14,15,16",0,"1,9,7,7"
19,1427,342,NMDS,4,"0,1,11,14,15,16",7,"1,11,15,15"
19,1428,342,MDS,4,"0,1,11,14,15,16",14,"1,11,17,17"
19,1429,342,NMDS,4,"0,1,11,14,15,16",2,"1,11,15,15"
19,1430,342,NMDS,4,"0,1,11,14,15,16",9,"1,11,15,15"
19,1431,342,NMDS,4,"0,1,11,14,15,16",16,"1,18,9,9"
19,1432,342,NMDS,4,"0,1,11,14,15,16",4,"1,16,9,9"
19,1433,342,NMDS,4,"0,1,11,14,15,16",11,"1,11,15,15"
19,1434,342,MDS,4,"0,1,11,14,15,16",18,"1,18,9,9"
19,1435,342,NMDS,4,"0,1,11,14,15,16",6,"1,11,17,17"
19,1436,342,NMDS,4,"0,1,11,14,15,16",13,"1,18,9,9"
19,1437,342,MDS,4,"0,1,11,14,15,16",1,"1,11,15,15"
19,1438,342,NMDS,4,"0,1,12,13,14,16",1,"1,6,3,3"
19,1439,342,NMDS,4,"0,1,12,13,14,16",4,"1,2,10,10"
19,1440,342,NMDS,4,"0,1,12,13,14,16",7,"1,1,10,10"
19,1441,342,NMDS,4,"0,1,12,13,14,16",10,"1,6,3,3"
19,1442,342,NMDS,4,"0,1,12,13,14,16",13,"1,8,2,2"
19,1443,342,MDS,4,"0,1,12,13,14,16",16,"1,1,10,10"
19,1444,342,MDS,4,"0,1,12,13,14,16",0,"1,1,10,10"
19,1445,342,NMDS,4,"0,1,12,13,14,16",3,"1,6,3,3"
19,1446,342,NMDS,4,"0,1,12,13,14,16",6,"1,1,10,10"
19,1447,342,NMDS,4,"0,1,12,13,14,16",9,"1,8,2,2"
19,1448,342,NMDS,4,"0,1,12,13,14,16",12,"1,1,10,10"
19,1449,342,NMDS,4,"0,1,12,13,14,16",15,"1,6,3,3"
19,1450,342,MDS,4,"0,1,12,13,14,16",18,"1,1,16,16"
19,1451,342,MDS,4,"0,1,12,13,14,16",2,"1,1,10,10"
19,1452,342,NMDS,4,"0,1,12,13,14,16",5,"1,2,10,10"
19,1453,342,NMDS,4,"0,1,12,13,14,16",8,"1,2,10,10"
19,1454,342,NMDS,4,"0,1,12,13,14,16",11,"1,2,2,7"
19,1455,342,NMDS,4,"0,1,12,13,14,16",14,"1,2,10,10"
19,1456,342,NMDS,4,"0,1,12,13,14,16",17,"1,6,3,3"
19,1457,342,NMDS,4,"0,1,15,16,17,18",13,"1,5,12,12"
19,1458,342,NMDS,4,"0,1,15,16,17,18",12,"1,5,12,12"
19,1459,342,MDS,4,"0,1,15,16,17,18",2,"1,16,7,16"
19,1460,342,MDS,4,"0,1,15,16,17,18",4,"1,10,5,5"
19,1461,342,NMDS,4,"0,1,15,16,17,18",0,"1,8,4,4"
19,1462,342,NMDS,4,"0,1,15,16,17,18",14,"1,10,2,2"
19,1463,342,NMDS,4,"0,1,15,16,17,18",11,"1,10,2,2"
19,1464,342,MDS,4,"0,1,15,16,17,18",3,"1,8,4,4"
19,1465,342,MDS,4,"0,1,15,16,17,18",1,"1,10,5,5"
19,1466,171,MDS,4,"0,1,15,16,17,18",5,"1,9,11,11"
19,1467,342,NMDS,4,"0,1,10,12,14,15",7,"1,17,12,12"
19,1468,342,NMDS,4,"0,1,10,12,14,15",6,"1,10,16,16"
19,1469,342,NMDS,4,"0,1,10,12,14,15",5,"1,10,16,16"
19,1470,342,NMDS,4,"0,1,10,12,14,15",4,"1,9,7,7"
19,1471,342,NMDS,4,"0,1,10,12,14,15",3,"1,1,5,5"
19,1472,342,MDS,4,"0,1,10,12,14,15",2,"1,17,12,12"
19,1473,342,NMDS,4,"0,1,10,12,14,15",1,"1,17,12,12"
19,1474,342,MDS,4,"0,1,10,12,14,15",0,"1,1,5,5"
19,1475,342,NMDS,4,"0,1,10,12,14,15",18,"1,17,12,12"
19,1476,342,NMDS,4,"0,1,10,12,14,15",17,"1,10,16,16"
19,1477,342,NMDS,4,"0,1,10,12,14,15",16,"1,2,7,7"
19,1478,342,NMDS,4,"0,1,10,12,14,15",15,"1,17,12,12"
19,1479,342,MDS,4,"0,1,10,12,14,15",14,"1,10,16,16"
19,1480,342,NMDS,4,"0,1,10,12,14,15",13,"1,10,12,12"
19,1481,342,MDS,4,"0,1,10,12,14,15",12,"1,17,12,12"
19,1482,342,NMDS,4,"0,1,10,12,14,15",11,"1,12,17,12"
19,1483,342,NMDS,4,"0,1,10,12,14,15",10,"1,1,16,16"
19,1484,342,NMDS,4,"0,1,10,12,14,15",9,"1,10,16,16"
19,1485,342,NMDS,4,"0,1,10,12,14,15",8,"1,10,16,16"
19,1486,342,NMDS,4,"0,1,10,14,15,17",5,"1,10,5,5"
19,1487,342,NMDS,4,"0,1,10,14,15,17",11,"1,1,10,10"
19,1488,342,MDS,4,"0,1,10,14,15,17",17,"1,1,10,10"
19,1489,342,NMDS,4,"0,1,10,14,15,17",4,"1,1,10,10"
19,1490,342,NMDS,4,"0,1,10,14,15,17",10,"1,7,16,16"
19,1491,342,NMDS,4,"0,1,10,14,15,17",16,"1,10,5,5"
19,1492,342,NMDS,4,"0,1,10,14,15,17",3,"1,15,12,12"
19,1493,342,NMDS,4,"0,1,10,14,15,17",9,"1,10,5,5"
19,1494,342,NMDS,4,"0,1,10,14,15,17",15,"1,1,10,10"
19,1495,342,MDS,4,"0,1,10,14,15,17",2,"1,10,5,5"
19,1496,342,NMDS,4,"0,1,10,14,15,17",8,"1,10,5,5"
19,1497,342,NMDS,4,"0,1,10,14,15,17",14,"1,1,10,10"
19,1498,342,NMDS,4,"0,1,10,14,15,17",1,"1,12,4,4"
19,1499,342,NMDS,4,"0,1,10,14,15,17",7,"1,5,12,12"
19,1500,342,NMDS,4,"0,1,10,14,15,17",13,"1,13,16,16"
19,1501,342,MDS,4,"0,1,10,14,15,17",0,"1,1,10,10"
19,1502,342,NMDS,4,"0,1,10,14,15,17",6,"1,15,10,5"
19,1503,342,NMDS,4,"0,1,10,14,15,17",12,"1,1,10,10"
19,1504,342,NMDS,4,"0,1,10,14,15,17",18,"1,8,9,9"
19,1505,342,NMDS,4,"0,1,11,12,15,16",0,"1,10,12,12"
19,1506,342,NMDS,4,"0,1,11,12,15,16",1,"1,18,2,2"
19,1507,342,MDS,4,"0,1,11,12,15,16",15,"1,5,12,12"
19,1508,342,MDS,4,"0,1,11,12,15,16",14,"1,9,7,7"
19,1509,342,NMDS,4,"0,1,11,12,15,16",13,"1,9,14,14"
19,1510,342,NMDS,4,"0,1,11,12,15,16",12,"1,16,13,16"
19,1511,342,MDS,4,"0,1,11,12,15,16",11,"1,5,12,12"
19,1512,342,NMDS,4,"0,1,11,12,15,16",10,"1,18,9,9"
19,1513,342,NMDS,4,"0,1,11,12,15,16",8,"1,5,12,12"
19,1514,171,MDS,4,"0,1,11,12,15,16",18,"1,5,12,12"
